date,hour,temperature_c,cloud_cover_pct,uv_index,wind_speed_kmh,humidity_pct,solar_irradiance_wm2,panel_output_kwh,grid_export_kwh
2025-01-01,0,18.5,35.2,0,10.9,50.3,0,0,0
2025-01-01,1,18.5,20.4,0,13.3,50.9,0,0,0
2025-01-01,2,18.5,24.7,0,14.0,57.8,0,0,0
2025-01-01,3,18.5,29.8,0,9.7,58.5,0,0,0
2025-01-01,4,18.5,52.7,0,7.6,48.0,0,0,0
2025-01-01,5,18.5,62.9,0,14.9,52.9,0,0,0
2025-01-01,6,21.5,35.8,0,8.7,80.8,0,0,0
2025-01-01,7,22.8,0.1,2.07,8.5,41.9,232.7,0.419,0.325
2025-01-01,8,24.1,43.1,2.67,15.2,58.7,288.4,0.519,0
2025-01-01,9,25.2,9.4,5.25,13.9,40.8,586.6,1.055,0.605
2025-01-01,10,26.2,13.7,6.2,14.1,32.7,690.1,1.236,0.87
2025-01-01,11,26.9,3.2,7.54,9.2,72.2,846.1,1.511,1.079
2025-01-01,12,27.3,2.2,7.87,14.5,54.1,883.9,1.576,0.949
2025-01-01,13,27.5,25.5,6.21,9.1,50.8,684.5,1.22,0.218
2025-01-01,14,27.3,25.4,5.57,12.6,35.5,614.5,1.096,0
2025-01-01,15,26.9,13.0,5.09,19.1,38.6,567.6,1.014,0.33
2025-01-01,16,26.2,10.3,3.68,18.4,30,411.4,0.737,0.026
2025-01-01,17,25.2,21.4,1.73,10.5,48.5,191.5,0.344,0
2025-01-01,18,24.1,0,0.0,13.8,44.0,0.0,0.0,0
2025-01-01,19,22.8,22.9,0,11.1,46.2,0,0,0
2025-01-01,20,21.5,27.9,0,20.0,64.3,0,0,0
2025-01-01,21,18.5,25.3,0,17.0,59.2,0,0,0
2025-01-01,22,18.5,19.1,0,2.1,45.5,0,0,0
2025-01-01,23,18.5,35.6,0,9.0,42.8,0,0,0
2025-01-02,0,20.0,36.0,0,11.2,59.9,0,0,0
2025-01-02,1,20.0,38.0,0,5.4,56.9,0,0,0
2025-01-02,2,20.0,45.8,0,12.1,41.8,0,0,0
2025-01-02,3,20.0,43.9,0,9.8,38.2,0,0,0
2025-01-02,4,20.0,22.0,0,10.5,76.1,0,0,0
2025-01-02,5,20.0,4.5,0,13.5,40.7,0,0,0
2025-01-02,6,23.0,47.6,0,16.3,60.2,0,0,0
2025-01-02,7,24.4,27.8,1.63,14.4,66.7,178.9,0.322,0.243
2025-01-02,8,25.6,36.5,2.88,12.0,66.5,313.3,0.562,0.524
2025-01-02,9,26.8,36.3,4.08,16.9,40.3,443.8,0.793,0.57
2025-01-02,10,27.7,24.7,5.61,16.6,50.0,618.7,1.102,0
2025-01-02,11,28.4,32.7,5.78,17.6,54.3,632.3,1.123,0.397
2025-01-02,12,28.9,33.0,5.97,13.2,48.5,652.7,1.157,0
2025-01-02,13,29.0,38.1,5.46,12.6,57.8,593.3,1.051,0
2025-01-02,14,28.9,13.9,6.19,11.5,51.6,689.0,1.221,0.429
2025-01-02,15,28.4,23.7,4.62,21.9,51.0,510.5,0.906,0
2025-01-02,16,27.7,23.7,3.27,16.8,67.8,361.3,0.643,0
2025-01-02,17,26.8,54.8,1.2,12.8,41.8,126.5,0.226,0
2025-01-02,18,25.6,46.8,0.0,1.4,71.3,0.0,0.0,0
2025-01-02,19,24.4,0,0,11.8,44.3,0,0,0
2025-01-02,20,23.0,22.0,0,13.0,67.0,0,0,0
2025-01-02,21,20.0,27.8,0,7.6,30,0,0,0
2025-01-02,22,20.0,79.9,0,6.3,68.7,0,0,0
2025-01-02,23,20.0,19.7,0,12.5,64.8,0,0,0
2025-01-03,0,16.1,0,0,15.1,40.6,0,0,0
2025-01-03,1,16.1,27.6,0,10.0,37.5,0,0,0
2025-01-03,2,16.1,0,0,12.0,37.9,0,0,0
2025-01-03,3,16.1,29.4,0,7.6,67.6,0,0,0
2025-01-03,4,16.1,0,0,2.1,76.1,0,0,0
2025-01-03,5,16.1,30.0,0,14.3,73.9,0,0,0
2025-01-03,6,19.1,60.3,0,17.7,77.3,0,0,0
2025-01-03,7,20.4,14.8,1.84,8.1,47.4,204.3,0.368,0.347
2025-01-03,8,21.7,21.8,3.33,19.1,51.0,368.2,0.663,0
2025-01-03,9,22.8,44.5,3.72,9.8,74.4,400.4,0.721,0.404
2025-01-03,10,23.8,0,6.93,12.0,67.5,779.4,1.403,1.042
2025-01-03,11,24.5,11.7,7.03,10.0,48.1,784.3,1.412,0.047
2025-01-03,12,25.0,30.2,6.14,8.6,68.2,673.8,1.213,0.338
2025-01-03,13,25.1,42.2,5.22,9.0,70.4,563.4,1.014,0.216
2025-01-03,14,25.0,13.3,6.22,11.0,54.6,692.8,1.247,0.587
2025-01-03,15,24.5,25.7,4.54,12.4,57.8,500.0,0.9,0.19
2025-01-03,16,23.8,13.3,3.59,11.0,36.1,400.2,0.72,0.231
2025-01-03,17,22.8,0,2.07,11.3,56.5,232.9,0.419,0
2025-01-03,18,21.7,15.7,0.0,12.0,67.1,0.0,0.0,0
2025-01-03,19,20.4,0,0,11.7,57.1,0,0,0
2025-01-03,20,19.1,0,0,7.5,43.4,0,0,0
2025-01-03,21,16.1,17.3,0,6.9,38.3,0,0,0
2025-01-03,22,16.1,20.3,0,8.8,30,0,0,0
2025-01-03,23,16.1,23.5,0,18.4,81.9,0,0,0
2025-01-04,0,17.9,40.6,0,15.7,65.0,0,0,0
2025-01-04,1,17.9,31.5,0,7.8,32.0,0,0,0
2025-01-04,2,17.9,42.9,0,18.5,50.5,0,0,0
2025-01-04,3,17.9,15.6,0,15.4,52.9,0,0,0
2025-01-04,4,17.9,6.4,0,15.4,83.3,0,0,0
2025-01-04,5,17.9,22.6,0,6.5,62.5,0,0,0
2025-01-04,6,20.9,30.9,0,16.1,54.5,0,0,0
2025-01-04,7,22.2,21.1,1.73,11.1,56.0,192.0,0.346,0
2025-01-04,8,23.5,7.9,3.76,7.8,90,420.2,0.756,0
2025-01-04,9,24.6,47.8,3.58,14.3,53.8,382.9,0.689,0.291
2025-01-04,10,25.6,58.7,3.8,14.1,54.0,398.3,0.715,0.082
2025-01-04,11,26.3,35.4,5.62,19.8,40.3,612.5,1.097,0.709
2025-01-04,12,26.8,51.5,4.83,21.0,34.0,513.7,0.918,0.784
2025-01-04,13,26.9,11.7,7.03,19.1,63.1,784.8,1.402,0.764
2025-01-04,14,26.8,67.4,3.34,17.2,37.1,341.6,0.611,0.485
2025-01-04,15,26.3,0,5.66,13.1,50.6,636.4,1.14,0
2025-01-04,16,25.6,7.6,3.77,13.3,30,421.7,0.757,0.355
2025-01-04,17,24.6,10.0,1.91,16.2,68.3,213.5,0.384,0.026
2025-01-04,18,23.5,34.2,0.0,13.9,64.6,0.0,0.0,0
2025-01-04,19,22.2,29.2,0,9.1,78.8,0,0,0
2025-01-04,20,20.9,12.5,0,12.0,53.4,0,0,0
2025-01-04,21,17.9,28.1,0,20.1,57.3,0,0,0
2025-01-04,22,17.9,33.4,0,17.3,61.5,0,0,0
2025-01-04,23,17.9,21.2,0,6.7,62.2,0,0,0
2025-01-05,0,17.5,39.8,0,6.6,30,0,0,0
2025-01-05,1,17.5,40.5,0,5.2,45.0,0,0,0
2025-01-05,2,17.5,9.6,0,14.5,57.7,0,0,0
2025-01-05,3,17.5,24.1,0,8.2,58.3,0,0,0
2025-01-05,4,17.5,32.2,0,17.1,38.8,0,0,0
2025-01-05,5,17.5,25.8,0,16.2,46.5,0,0,0
2025-01-05,6,20.5,28.0,0,10.9,90,0,0,0
2025-01-05,7,21.8,10.7,1.9,10.9,67.6,212.2,0.382,0
2025-01-05,8,23.1,21.3,3.34,16.9,55.1,370.1,0.666,0
2025-01-05,9,24.2,11.6,5.15,11.9,53.5,574.9,1.035,0.639
2025-01-05,10,25.1,24.9,5.6,16.3,63.1,617.4,1.111,1.048
2025-01-05,11,25.9,41.9,5.24,12.6,57.1,566.0,1.015,0.221
2025-01-05,12,26.3,51.4,4.84,12.0,33.0,514.6,0.921,0
2025-01-05,13,26.5,39.4,5.39,8.6,35.0,583.9,1.045,0.821
2025-01-05,14,26.3,76.3,2.86,10.8,33.7,283.5,0.508,0.442
2025-01-05,15,25.9,46.5,3.63,2.9,38.0,389.6,0.699,0
2025-01-05,16,25.1,1.7,3.95,15.9,69.0,443.8,0.798,0.041
2025-01-05,17,24.2,43.4,1.38,4.2,64.2,148.7,0.268,0
2025-01-05,18,23.1,1.5,0.0,8.9,34.0,0.0,0.0,0
2025-01-05,19,21.8,35.5,0,12.5,50.5,0,0,0
2025-01-05,20,20.5,32.2,0,5.4,47.4,0,0,0
2025-01-05,21,17.5,15.2,0,6.7,81.8,0,0,0
2025-01-05,22,17.5,25.7,0,5.8,54.7,0,0,0
2025-01-05,23,17.5,54.9,0,15.3,54.9,0,0,0
2025-01-06,0,20.2,23.2,0,8.6,52.4,0,0,0
2025-01-06,1,20.2,0,0,7.8,66.5,0,0,0
2025-01-06,2,20.2,27.9,0,5.1,51.2,0,0,0
2025-01-06,3,20.2,18.7,0,11.8,79.7,0,0,0
2025-01-06,4,20.2,22.1,0,11.7,66.0,0,0,0
2025-01-06,5,20.2,30.9,0,9.3,34.0,0,0,0
2025-01-06,6,23.2,2.8,0,11.4,47.6,0,0,0
2025-01-06,7,24.5,27.1,1.64,16.3,90,180.3,0.325,0
2025-01-06,8,25.8,47.0,2.55,12.6,71.7,273.6,0.491,0
2025-01-06,9,26.9,0,5.66,11.6,65.2,636.4,1.137,0
2025-01-06,10,27.9,31.5,5.25,18.4,66.5,575.1,1.023,0
2025-01-06,11,28.6,43.9,5.12,18.2,75.6,551.0,0.977,0.214
2025-01-06,12,29.0,48.6,5.01,6.9,58.7,535.3,0.948,0.219
2025-01-06,13,29.2,67.4,3.72,12.4,55.2,380.9,0.674,0
2025-01-06,14,29.0,8.8,6.46,13.3,63.7,722.0,1.279,0.805
2025-01-06,15,28.6,39.2,3.95,12.2,54.3,428.5,0.76,0
2025-01-06,16,27.9,30.4,3.07,9.9,76.2,336.1,0.598,0
2025-01-06,17,26.9,10.9,1.9,10.8,69.0,211.8,0.378,0
2025-01-06,18,25.8,51.7,0.0,11.9,44.8,0.0,0.0,0
2025-01-06,19,24.5,41.2,0,14.2,57.1,0,0,0
2025-01-06,20,23.2,14.6,0,23.4,55.1,0,0,0
2025-01-06,21,20.2,40.7,0,13.8,68.5,0,0,0
2025-01-06,22,20.2,52.3,0,5.9,32.4,0,0,0
2025-01-06,23,20.2,0,0,4.4,47.7,0,0,0
2025-01-07,0,19.2,3.2,0,12.1,33.4,0,0,0
2025-01-07,1,19.2,68.6,0,15.5,66.8,0,0,0
2025-01-07,2,19.2,41.2,0,9.6,78.5,0,0,0
2025-01-07,3,19.2,23.1,0,19.3,49.0,0,0,0
2025-01-07,4,19.2,49.2,0,13.5,62.7,0,0,0
2025-01-07,5,19.2,44.5,0,8.7,61.1,0,0,0
2025-01-07,6,22.2,67.7,0,9.4,57.5,0,0,0
2025-01-07,7,23.6,40.4,1.43,14.5,64.3,154.5,0.278,0
2025-01-07,8,24.8,33.0,2.98,2.5,41.7,326.2,0.587,0
2025-01-07,9,26.0,7.4,5.34,14.7,40.6,597.4,1.071,0.564
2025-01-07,10,26.9,22.1,5.75,15.7,59.6,636.2,1.136,0
2025-01-07,11,27.6,41.6,5.25,16.2,34.5,567.7,1.011,0.687
2025-01-07,12,28.1,0,8.0,11.5,66.2,900.0,1.6,1.0
2025-01-07,13,28.2,0,7.73,16.1,72.7,869.3,1.545,1.512
2025-01-07,14,28.1,0,6.93,19.7,59.7,779.4,1.386,0.042
2025-01-07,15,27.6,0,5.66,13.1,70.0,636.4,1.133,0
2025-01-07,16,26.9,25.0,3.23,16.5,30,356.2,0.636,0
2025-01-07,17,26.0,25.1,1.67,14.4,65.3,184.2,0.33,0
2025-01-07,18,24.8,45.1,0.0,19.5,46.4,0.0,0.0,0
2025-01-07,19,23.6,27.1,0,6.5,51.0,0,0,0
2025-01-07,20,22.2,23.2,0,13.2,88.5,0,0,0
2025-01-07,21,19.2,21.5,0,14.5,54.8,0,0,0
2025-01-07,22,19.2,53.4,0,13.5,58.7,0,0,0
2025-01-07,23,19.2,7.8,0,9.5,58.4,0,0,0
2025-01-08,0,22.2,17.9,0,17.3,75.9,0,0,0
2025-01-08,1,22.2,17.7,0,8.4,56.7,0,0,0
2025-01-08,2,22.2,55.3,0,10.1,53.9,0,0,0
2025-01-08,3,22.2,28.9,0,9.6,41.1,0,0,0
2025-01-08,4,22.2,2.4,0,2.1,55.6,0,0,0
2025-01-08,5,22.2,30.2,0,5.3,65.9,0,0,0
2025-01-08,6,25.2,34.6,0,4.2,44.8,0,0,0
2025-01-08,7,26.6,24.6,1.68,8.5,80.7,185.2,0.331,0
2025-01-08,8,27.8,31.0,3.05,20.3,44.7,333.6,0.594,0
2025-01-08,9,29.0,72.3,2.51,13.4,64.8,252.8,0.448,0
2025-01-08,10,29.9,0.3,6.91,1.5,64.1,777.7,1.372,1.053
2025-01-08,11,30.6,40.9,5.3,14.7,53.7,573.0,1.008,0.93
2025-01-08,12,31.1,43.6,5.32,13.8,80.0,573.1,1.007,0
2025-01-08,13,31.2,0.2,7.71,23.6,54.5,867.6,1.523,1.029
2025-01-08,14,31.1,43.5,4.61,22.8,54.9,497.0,0.873,0
2025-01-08,15,30.6,19.9,4.79,8.5,65.0,530.8,0.934,0.436
2025-01-08,16,29.9,25.7,3.21,12.3,52.4,353.5,0.624,0
2025-01-08,17,29.0,43.3,1.38,21.2,82.2,148.9,0.264,0
2025-01-08,18,27.8,1.9,0.0,19.3,62.0,0.0,0.0,0
2025-01-08,19,26.6,5.9,0,7.2,57.4,0,0,0
2025-01-08,20,25.2,31.7,0,16.5,58.0,0,0,0
2025-01-08,21,22.2,22.0,0,15.2,31.3,0,0,0
2025-01-08,22,22.2,32.0,0,12.4,65.1,0,0,0
2025-01-08,23,22.2,17.6,0,15.7,46.9,0,0,0
2025-01-09,0,22.3,17.7,0,11.4,78.8,0,0,0
2025-01-09,1,22.3,24.7,0,12.4,56.2,0,0,0
2025-01-09,2,22.3,0,0,13.0,53.8,0,0,0
2025-01-09,3,22.3,0,0,13.9,69.2,0,0,0
2025-01-09,4,22.3,19.4,0,6.7,62.5,0,0,0
2025-01-09,5,22.3,39.7,0,20.2,53.0,0,0,0
2025-01-09,6,25.3,0,0,8.5,46.7,0,0,0
2025-01-09,7,26.6,2.4,2.03,18.7,63.7,228.2,0.408,0
2025-01-09,8,27.9,31.3,3.04,12.0,60.5,332.6,0.592,0.541
2025-01-09,9,29.1,8.2,5.3,10.6,85.9,592.9,1.05,0
2025-01-09,10,30.0,19.9,5.87,11.8,61.3,650.4,1.147,1.002
2025-01-09,11,30.7,0,7.73,12.1,44.6,869.3,1.529,0.904
2025-01-09,12,31.2,29.8,6.17,6.6,39.6,676.7,1.188,0.066
2025-01-09,13,31.3,41.9,5.24,5.9,75.8,565.7,0.992,0.551
2025-01-09,14,31.2,51.5,4.19,7.6,49.1,445.2,0.782,0
2025-01-09,15,30.7,29.7,4.36,15.6,55.3,478.7,0.842,0
2025-01-09,16,30.0,36.5,2.88,8.1,48.7,313.0,0.552,0
2025-01-09,17,29.1,48.8,1.29,11.7,58.2,138.3,0.245,0
2025-01-09,18,27.9,61.1,0.0,14.3,54.6,0.0,0.0,0
2025-01-09,19,26.6,41.1,0,3.3,58.7,0,0,0
2025-01-09,20,25.3,22.1,0,14.4,61.6,0,0,0
2025-01-09,21,22.3,0,0,6.2,34.1,0,0,0
2025-01-09,22,22.3,53.8,0,11.5,81.0,0,0,0
2025-01-09,23,22.3,46.2,0,16.2,47.3,0,0,0
2025-01-10,0,18.8,33.5,0,14.6,54.4,0,0,0
2025-01-10,1,18.8,52.0,0,12.2,57.2,0,0,0
2025-01-10,2,18.8,19.4,0,9.1,51.1,0,0,0
2025-01-10,3,18.8,37.5,0,10.3,53.4,0,0,0
2025-01-10,4,18.8,5.0,0,15.9,50.8,0,0,0
2025-01-10,5,18.8,18.3,0,10.3,40.5,0,0,0
2025-01-10,6,21.8,7.5,0,23.6,47.6,0,0,0
2025-01-10,7,23.1,48.9,1.29,3.4,70.0,138.0,0.248,0
2025-01-10,8,24.4,16.3,3.5,14.5,53.6,388.8,0.7,0.691
2025-01-10,9,25.5,11.6,5.15,16.3,45.9,574.7,1.032,0
2025-01-10,10,26.5,0,6.93,17.8,46.3,779.4,1.395,1.373
2025-01-10,11,27.2,27.9,6.07,5.2,48.2,667.2,1.191,0
2025-01-10,12,27.6,48.7,5.01,15.7,42.8,535.1,0.953,0.734
2025-01-10,13,27.8,42.2,5.22,10.7,72.8,563.7,1.003,0
2025-01-10,14,27.6,43.0,4.64,15.7,68.2,500.1,0.891,0.595
2025-01-10,15,27.2,0,5.66,20.4,80.7,636.4,1.136,0
2025-01-10,16,26.5,18.4,3.43,12.2,68.3,380.9,0.682,0
2025-01-10,17,25.5,16.1,1.81,5.2,35.8,201.6,0.362,0.122
2025-01-10,18,24.4,28.2,0.0,8.5,31.0,0.0,0.0,0
2025-01-10,19,23.1,46.9,0,13.4,64.6,0,0,0
2025-01-10,20,21.8,5.5,0,11.4,63.1,0,0,0
2025-01-10,21,18.8,35.5,0,13.2,52.4,0,0,0
2025-01-10,22,18.8,25.3,0,10.6,59.0,0,0,0
2025-01-10,23,18.8,16.5,0,5.3,48.5,0,0,0
2025-01-11,0,17.5,37.7,0,5.5,64.9,0,0,0
2025-01-11,1,17.5,21.0,0,12.4,42.2,0,0,0
2025-01-11,2,17.5,9.2,0,12.7,30,0,0,0
2025-01-11,3,17.5,34.7,0,17.1,61.2,0,0,0
2025-01-11,4,17.5,31.5,0,16.5,63.8,0,0,0
2025-01-11,5,17.5,52.5,0,13.8,76.2,0,0,0
2025-01-11,6,20.5,41.1,0,10.3,54.6,0,0,0
2025-01-11,7,21.8,0,2.07,20.5,74.4,232.9,0.419,0
2025-01-11,8,23.1,54.8,2.31,11.0,30,244.6,0.44,0.149
2025-01-11,9,24.2,48.1,3.56,11.3,87.2,381.2,0.686,0.438
2025-01-11,10,25.2,13.0,6.23,14.8,30,694.9,1.25,1.152
2025-01-11,11,25.9,5.1,7.42,18.8,72.3,832.4,1.493,1.081
2025-01-11,12,26.3,60.8,4.26,13.1,47.3,444.1,0.795,0.042
2025-01-11,13,26.5,37.0,5.53,10.4,53.6,601.5,1.076,0.597
2025-01-11,14,26.3,48.7,4.33,15.1,57.2,463.3,0.829,0.587
2025-01-11,15,25.9,52.8,3.36,9.1,62.2,356.4,0.639,0
2025-01-11,16,25.2,17.6,3.46,16.6,67.2,384.1,0.691,0
2025-01-11,17,24.2,0,2.07,19.8,36.4,232.9,0.419,0
2025-01-11,18,23.1,16.0,0.0,24.5,83.9,0.0,0.0,0
2025-01-11,19,21.8,0,0,17.5,50.8,0,0,0
2025-01-11,20,20.5,85.8,0,6.6,74.6,0,0,0
2025-01-11,21,17.5,39.7,0,19.4,81.5,0,0,0
2025-01-11,22,17.5,36.1,0,2.8,30,0,0,0
2025-01-11,23,17.5,16.1,0,8.3,58.9,0,0,0
2025-01-12,0,19.9,9.1,0,8.5,30,0,0,0
2025-01-12,1,19.9,21.6,0,13.0,76.6,0,0,0
2025-01-12,2,19.9,43.7,0,12.1,66.1,0,0,0
2025-01-12,3,19.9,36.7,0,6.2,45.0,0,0,0
2025-01-12,4,19.9,8.8,0,8.0,78.3,0,0,0
2025-01-12,5,19.9,60.2,0,13.3,60.4,0,0,0
2025-01-12,6,22.9,49.1,0,5.7,45.4,0,0,0
2025-01-12,7,24.2,34.1,1.53,8.1,39.8,166.8,0.3,0
2025-01-12,8,25.5,11.8,3.64,7.7,77.5,405.8,0.729,0.356
2025-01-12,9,26.6,12.5,5.11,13.2,52.4,570.2,1.02,0.223
2025-01-12,10,27.6,12.8,6.25,14.1,79.3,696.5,1.241,1.222
2025-01-12,11,28.3,37.5,5.5,0.7,43.8,598.0,1.062,0.849
2025-01-12,12,28.7,33.5,5.94,18.5,33.5,648.5,1.15,0
2025-01-12,13,28.9,23.7,6.32,14.0,66.5,697.3,1.236,0.786
2025-01-12,14,28.7,65.0,3.46,15.1,59.9,357.0,0.633,0.623
2025-01-12,15,28.3,0,5.66,16.6,34.4,636.4,1.13,0.432
2025-01-12,16,27.6,23.9,3.27,6.5,56.1,360.5,0.642,0.294
2025-01-12,17,26.6,34.3,1.52,16.4,58.3,166.3,0.297,0
2025-01-12,18,25.5,11.9,0.0,2.9,52.2,0.0,0.0,0
2025-01-12,19,24.2,9.7,0,3.9,65.3,0,0,0
2025-01-12,20,22.9,22.2,0,19.1,65.2,0,0,0
2025-01-12,21,19.9,22.0,0,15.9,56.1,0,0,0
2025-01-12,22,19.9,23.1,0,0.0,54.7,0,0,0
2025-01-12,23,19.9,7.2,0,10.2,64.8,0,0,0
2025-01-13,0,17.9,2.5,0,4.9,30,0,0,0
2025-01-13,1,17.9,41.5,0,5.5,65.1,0,0,0
2025-01-13,2,17.9,8.3,0,8.1,49.5,0,0,0
2025-01-13,3,17.9,19.2,0,10.6,62.1,0,0,0
2025-01-13,4,17.9,19.1,0,21.0,76.4,0,0,0
2025-01-13,5,17.9,28.0,0,12.9,77.3,0,0,0
2025-01-13,6,20.9,32.9,0,9.3,31.8,0,0,0
2025-01-13,7,22.2,9.0,1.93,9.4,66.4,215.5,0.388,0
2025-01-13,8,23.5,0,4.0,21.2,67.1,450.0,0.81,0
2025-01-13,9,24.6,33.9,4.18,11.2,57.0,456.4,0.821,0.769
2025-01-13,10,25.6,34.4,5.1,17.3,32.6,556.2,0.999,0.048
2025-01-13,11,26.3,37.8,5.48,5.7,53.4,595.2,1.066,0.919
2025-01-13,12,26.7,33.9,5.91,12.2,44.9,645.6,1.154,0.675
2025-01-13,13,26.9,21.4,6.46,12.5,54.5,714.7,1.277,0.203
2025-01-13,14,26.7,41.3,4.73,9.0,64.7,511.3,0.914,0
2025-01-13,15,26.3,0,5.66,11.8,52.2,636.4,1.14,0.521
2025-01-13,16,25.6,21.6,3.34,4.1,65.0,369.0,0.663,0.143
2025-01-13,17,24.6,18.0,1.78,6.0,61.2,198.0,0.356,0.22
2025-01-13,18,23.5,63.9,0.0,13.3,46.7,0.0,0.0,0
2025-01-13,19,22.2,35.1,0,20.1,56.4,0,0,0
2025-01-13,20,20.9,24.7,0,3.1,56.4,0,0,0
2025-01-13,21,17.9,6.5,0,12.2,60.7,0,0,0
2025-01-13,22,17.9,11.5,0,11.3,65.2,0,0,0
2025-01-13,23,17.9,15.3,0,12.0,51.0,0,0,0
2025-01-14,0,19.4,13.5,0,3.7,45.2,0,0,0
2025-01-14,1,19.4,11.5,0,3.7,74.4,0,0,0
2025-01-14,2,19.4,28.5,0,11.3,58.2,0,0,0
2025-01-14,3,19.4,40.0,0,7.1,54.9,0,0,0
2025-01-14,4,19.4,27.3,0,17.5,30.4,0,0,0
2025-01-14,5,19.4,18.4,0,9.2,44.0,0,0,0
2025-01-14,6,22.4,46.6,0,20.0,42.0,0,0,0
2025-01-14,7,23.8,0,2.07,4.0,64.7,232.9,0.419,0
2025-01-14,8,25.0,40.6,2.75,16.0,63.3,297.6,0.536,0.249
2025-01-14,9,26.2,15.3,4.99,9.5,77.2,555.5,0.995,0
2025-01-14,10,27.1,31.6,5.25,14.4,55.2,574.4,1.025,0.242
2025-01-14,11,27.8,42.8,5.18,14.4,66.3,559.4,0.996,0.712
2025-01-14,12,28.3,56.9,4.5,10.7,85.8,473.1,0.841,0.689
2025-01-14,13,28.4,55.6,4.42,1.3,83.6,466.7,0.829,0
2025-01-14,14,28.3,22.8,5.72,6.7,62.1,631.6,1.122,0.962
2025-01-14,15,27.8,51.9,3.4,13.3,69.3,361.2,0.643,0.592
2025-01-14,16,27.1,0,4.0,17.2,48.9,450.0,0.803,0
2025-01-14,17,26.2,2.9,2.02,9.3,56.9,227.3,0.407,0
2025-01-14,18,25.0,0,0.0,16.6,68.3,0.0,0.0,0
2025-01-14,19,23.8,13.4,0,12.0,39.3,0,0,0
2025-01-14,20,22.4,17.8,0,1.9,58.5,0,0,0
2025-01-14,21,19.4,0,0,8.9,35.6,0,0,0
2025-01-14,22,19.4,14.1,0,18.5,67.8,0,0,0
2025-01-14,23,19.4,37.0,0,10.4,34.4,0,0,0
2025-01-15,0,18.2,35.2,0,8.3,44.4,0,0,0
2025-01-15,1,18.2,36.5,0,10.6,40.3,0,0,0
2025-01-15,2,18.2,0,0,1.5,57.6,0,0,0
2025-01-15,3,18.2,13.6,0,11.2,62.1,0,0,0
2025-01-15,4,18.2,0,0,17.3,66.6,0,0,0
2025-01-15,5,18.2,20.1,0,6.1,36.9,0,0,0
2025-01-15,6,21.2,0,0,1.7,74.5,0,0,0
2025-01-15,7,22.5,17.0,1.8,7.4,55.6,199.9,0.36,0
2025-01-15,8,23.8,14.8,3.54,10.9,59.0,394.5,0.71,0.298
2025-01-15,9,24.9,22.4,4.68,12.5,41.3,517.8,0.932,0
2025-01-15,10,25.9,35.2,5.05,9.7,64.4,550.6,0.988,0.651
2025-01-15,11,26.6,22.5,6.39,0.2,44.6,706.6,1.264,0.062
2025-01-15,12,27.0,22.6,6.61,9.3,61.5,730.4,1.304,1.11
2025-01-15,13,27.2,31.1,5.88,3.0,43.8,644.3,1.15,0.307
2025-01-15,14,27.0,8.2,6.49,13.9,90,726.3,1.297,0.767
2025-01-15,15,26.6,1.2,5.6,4.9,61.8,629.9,1.127,0.685
2025-01-15,16,25.9,4.4,3.86,9.5,52.7,433.3,0.777,0
2025-01-15,17,24.9,1.1,2.05,19.7,53.4,230.7,0.415,0.035
2025-01-15,18,23.8,44.3,0.0,9.1,59.3,0.0,0.0,0
2025-01-15,19,22.5,22.1,0,8.0,55.4,0,0,0
2025-01-15,20,21.2,41.9,0,5.6,64.3,0,0,0
2025-01-15,21,18.2,0,0,20.7,58.1,0,0,0
2025-01-15,22,18.2,19.6,0,19.3,40.3,0,0,0
2025-01-15,23,18.2,38.9,0,5.8,57.3,0,0,0
2025-01-16,0,20.2,16.5,0,8.9,61.7,0,0,0
2025-01-16,1,20.2,31.6,0,12.8,41.4,0,0,0
2025-01-16,2,20.2,54.2,0,7.0,70.6,0,0,0
2025-01-16,3,20.2,61.6,0,13.5,33.1,0,0,0
2025-01-16,4,20.2,34.1,0,2.7,62.5,0,0,0
2025-01-16,5,20.2,54.1,0,11.7,38.9,0,0,0
2025-01-16,6,23.2,10.3,0,10.7,55.8,0,0,0
2025-01-16,7,24.6,35.9,1.5,17.2,61.0,163.2,0.294,0.077
2025-01-16,8,25.8,1.5,3.95,12.3,30,444.2,0.797,0.787
2025-01-16,9,27.0,15.2,5.0,15.0,40.8,555.8,0.993,0.149
2025-01-16,10,27.9,5.6,6.63,3.7,44.0,743.4,1.322,0
2025-01-16,11,28.6,39.7,5.37,18.3,64.7,581.5,1.031,0.077
2025-01-16,12,29.1,52.0,4.8,13.2,40.7,510.0,0.903,0.407
2025-01-16,13,29.2,0,7.73,17.9,52.9,869.3,1.538,0.811
2025-01-16,14,29.1,29.2,5.37,11.2,50.8,589.8,1.044,0.536
2025-01-16,15,28.6,0,5.66,15.1,44.1,636.4,1.129,0.417
2025-01-16,16,27.9,0,4.0,10.6,58.9,450.0,0.801,0.167
2025-01-16,17,27.0,45.7,1.34,3.2,45.6,144.2,0.257,0
2025-01-16,18,25.8,34.5,0.0,7.5,43.1,0.0,0.0,0
2025-01-16,19,24.6,24.6,0,19.2,51.6,0,0,0
2025-01-16,20,23.2,16.5,0,15.8,48.9,0,0,0
2025-01-16,21,20.2,50.3,0,12.3,50.8,0,0,0
2025-01-16,22,20.2,43.9,0,7.9,67.1,0,0,0
2025-01-16,23,20.2,30.2,0,16.2,86.5,0,0,0
2025-01-17,0,18.4,0,0,17.8,43.9,0,0,0
2025-01-17,1,18.4,3.4,0,6.5,36.4,0,0,0
2025-01-17,2,18.4,7.8,0,9.2,40.6,0,0,0
2025-01-17,3,18.4,35.2,0,13.9,80.2,0,0,0
2025-01-17,4,18.4,32.9,0,9.3,43.1,0,0,0
2025-01-17,5,18.4,30.8,0,5.7,54.4,0,0,0
2025-01-17,6,21.4,41.9,0,9.8,69.5,0,0,0
2025-01-17,7,22.7,31.1,1.57,11.3,51.1,172.5,0.311,0.133
2025-01-17,8,24.0,22.7,3.3,14.4,36.8,365.0,0.657,0
2025-01-17,9,25.1,21.8,4.71,12.3,39.8,520.7,0.937,0
2025-01-17,10,26.0,42.4,4.67,17.6,52.9,503.8,0.903,0.284
2025-01-17,11,26.8,48.1,4.87,16.3,57.0,521.2,0.932,0.909
2025-01-17,12,27.2,36.2,5.78,19.6,55.7,628.8,1.122,0.939
2025-01-17,13,27.4,33.4,5.74,11.5,60.4,627.4,1.119,1.092
2025-01-17,14,27.2,17.3,6.01,11.3,44.0,666.9,1.19,0.09
2025-01-17,15,26.8,27.5,4.46,13.5,58.6,490.8,0.877,0
2025-01-17,16,26.0,0,4.0,11.7,48.8,450.0,0.807,0
2025-01-17,17,25.1,19.4,1.76,6.6,65.5,195.3,0.351,0
2025-01-17,18,24.0,18.7,0.0,11.8,52.8,0.0,0.0,0
2025-01-17,19,22.7,3.5,0,4.5,66.4,0,0,0
2025-01-17,20,21.4,33.3,0,17.0,80.7,0,0,0
2025-01-17,21,18.4,42.8,0,13.8,40.6,0,0,0
2025-01-17,22,18.4,15.2,0,17.5,76.2,0,0,0
2025-01-17,23,18.4,7.7,0,6.4,42.1,0,0,0
2025-01-18,0,21.3,58.0,0,9.0,43.6,0,0,0
2025-01-18,1,21.3,18.2,0,19.7,51.2,0,0,0
2025-01-18,2,21.3,11.5,0,17.9,83.0,0,0,0
2025-01-18,3,21.3,19.7,0,10.1,69.8,0,0,0
2025-01-18,4,21.3,3.3,0,17.3,30,0,0,0
2025-01-18,5,21.3,0,0,11.9,55.9,0,0,0
2025-01-18,6,24.3,1.5,0,15.1,67.6,0,0,0
2025-01-18,7,25.7,0,2.07,16.6,31.3,232.9,0.418,0
2025-01-18,8,26.9,10.6,3.67,10.3,71.2,410.2,0.733,0
2025-01-18,9,28.1,0,5.66,16.0,47.9,636.4,1.131,1.003
2025-01-18,10,29.0,0,6.93,9.0,62.7,779.4,1.38,0
2025-01-18,11,29.7,56.7,4.36,12.7,75.4,458.5,0.81,0
2025-01-18,12,30.2,11.7,7.28,12.7,54.3,812.1,1.432,0.245
2025-01-18,13,30.3,58.3,4.26,9.9,56.6,446.7,0.787,0
2025-01-18,14,30.2,27.0,5.49,8.4,30,603.9,1.065,0
2025-01-18,15,29.7,4.6,5.46,6.4,52.7,612.2,1.081,0.197
2025-01-18,16,29.0,29.9,3.08,15.0,64.8,338.0,0.599,0.055
2025-01-18,17,28.1,53.2,1.22,7.3,49.0,129.7,0.231,0
2025-01-18,18,26.9,28.6,0.0,13.2,69.5,0.0,0.0,0
2025-01-18,19,25.7,24.7,0,6.1,35.5,0,0,0
2025-01-18,20,24.3,9.9,0,9.4,52.0,0,0,0
2025-01-18,21,21.3,24.5,0,22.0,53.2,0,0,0
2025-01-18,22,21.3,10.8,0,10.4,57.9,0,0,0
2025-01-18,23,21.3,4.3,0,13.0,30,0,0,0
2025-01-19,0,20.4,30.6,0,13.0,64.0,0,0,0
2025-01-19,1,20.4,49.2,0,14.0,66.4,0,0,0
2025-01-19,2,20.4,8.9,0,13.5,52.1,0,0,0
2025-01-19,3,20.4,16.9,0,13.5,66.2,0,0,0
2025-01-19,4,20.4,21.1,0,4.1,30,0,0,0
2025-01-19,5,20.4,7.9,0,15.4,75.9,0,0,0
2025-01-19,6,23.4,68.8,0,12.2,59.1,0,0,0
2025-01-19,7,24.8,0,2.07,20.7,78.6,232.9,0.419,0.348
2025-01-19,8,26.0,3.5,3.89,13.8,32.0,436.9,0.783,0
2025-01-19,9,27.2,31.7,4.28,11.8,70.4,468.0,0.835,0
2025-01-19,10,28.1,51.5,4.18,10.1,43.7,445.1,0.791,0
2025-01-19,11,28.8,25.5,6.21,9.6,49.8,684.8,1.214,1.028
2025-01-19,12,29.3,38.8,5.61,9.0,56.1,609.1,1.078,0.72
2025-01-19,13,29.4,43.7,5.13,17.9,78.8,552.6,0.977,0.684
2025-01-19,14,29.3,27.5,5.46,23.2,62.7,600.7,1.063,0.732
2025-01-19,15,28.8,61.7,2.97,8.0,61.3,308.9,0.548,0
2025-01-19,16,28.1,17.9,3.45,21.4,74.7,382.7,0.68,0
2025-01-19,17,27.2,9.8,1.91,8.0,40.1,213.9,0.382,0
2025-01-19,18,26.0,56.5,0.0,10.1,49.0,0.0,0.0,0
2025-01-19,19,24.8,54.6,0,14.8,47.1,0,0,0
2025-01-19,20,23.4,21.3,0,11.5,70.4,0,0,0
2025-01-19,21,20.4,19.9,0,21.5,50.4,0,0,0
2025-01-19,22,20.4,35.5,0,7.5,84.5,0,0,0
2025-01-19,23,20.4,31.8,0,11.8,72.6,0,0,0
2025-01-20,0,18.7,8.7,0,12.6,54.5,0,0,0
2025-01-20,1,18.7,38.4,0,29.7,52.0,0,0,0
2025-01-20,2,18.7,38.5,0,14.4,59.1,0,0,0
2025-01-20,3,18.7,20.8,0,8.3,90,0,0,0
2025-01-20,4,18.7,31.4,0,7.7,55.6,0,0,0
2025-01-20,5,18.7,26.0,0,8.8,53.4,0,0,0
2025-01-20,6,21.7,36.9,0,10.2,47.6,0,0,0
2025-01-20,7,23.0,20.3,1.75,13.0,31.5,193.6,0.348,0.053
2025-01-20,8,24.3,32.5,3.0,13.0,41.4,328.1,0.591,0.18
2025-01-20,9,25.4,10.3,5.21,13.9,74.9,582.0,1.046,0
2025-01-20,10,26.4,35.0,5.06,5.9,56.6,552.2,0.988,0
2025-01-20,11,27.1,32.0,5.82,5.3,68.1,637.2,1.137,1.054
2025-01-20,12,27.5,31.7,6.05,7.8,71.4,662.1,1.18,0.44
2025-01-20,13,27.7,0,7.73,22.9,58.2,869.3,1.548,0.833
2025-01-20,14,27.5,35.9,5.01,9.2,66.1,546.1,0.973,0.422
2025-01-20,15,27.1,59.7,3.06,14.5,67.4,319.5,0.57,0
2025-01-20,16,26.4,49.2,2.49,12.2,38.0,265.4,0.475,0.294
2025-01-20,17,25.4,33.0,1.54,10.0,30,168.8,0.303,0
2025-01-20,18,24.3,11.4,0.0,19.1,36.6,0.0,0.0,0
2025-01-20,19,23.0,47.6,0,20.7,30,0,0,0
2025-01-20,20,21.7,0.5,0,11.5,52.0,0,0,0
2025-01-20,21,18.7,24.0,0,12.5,64.4,0,0,0
2025-01-20,22,18.7,24.9,0,21.2,61.6,0,0,0
2025-01-20,23,18.7,26.7,0,12.3,57.7,0,0,0
2025-01-21,0,18.4,13.8,0,11.3,48.3,0,0,0
2025-01-21,1,18.4,23.8,0,10.5,67.5,0,0,0
2025-01-21,2,18.4,41.3,0,11.5,62.5,0,0,0
2025-01-21,3,18.4,42.5,0,17.1,60.4,0,0,0
2025-01-21,4,18.4,16.4,0,11.9,46.0,0,0,0
2025-01-21,5,18.4,43.3,0,10.1,30,0,0,0
2025-01-21,6,21.4,43.3,0,2.6,76.8,0,0,0
2025-01-21,7,22.8,17.2,1.8,15.1,46.8,199.6,0.359,0
2025-01-21,8,24.0,43.4,2.66,15.7,30,287.2,0.517,0
2025-01-21,9,25.2,28.8,4.4,10.6,30,483.6,0.87,0
2025-01-21,10,26.1,19.5,5.89,12.0,70.7,652.7,1.169,0.22
2025-01-21,11,26.8,8.8,7.2,16.6,69.5,805.6,1.439,0.682
2025-01-21,12,27.3,34.0,5.91,14.7,56.1,645.1,1.151,0
2025-01-21,13,27.4,32.8,5.78,0.4,36.7,631.6,1.126,0
2025-01-21,14,27.3,0,6.93,13.0,52.4,779.4,1.39,0.428
2025-01-21,15,26.8,22.0,4.7,19.5,52.2,519.6,0.928,0
2025-01-21,16,26.1,49.7,2.47,9.3,47.1,263.5,0.472,0
2025-01-21,17,25.2,0,2.07,17.0,52.0,232.9,0.419,0
2025-01-21,18,24.0,41.6,0.0,16.9,68.8,0.0,0.0,0
2025-01-21,19,22.8,9.2,0,11.7,36.9,0,0,0
2025-01-21,20,21.4,30.2,0,13.9,60.6,0,0,0
2025-01-21,21,18.4,11.3,0,14.3,55.3,0,0,0
2025-01-21,22,18.4,33.6,0,15.7,37.6,0,0,0
2025-01-21,23,18.4,17.1,0,9.3,50.9,0,0,0
2025-01-22,0,18.5,7.9,0,8.3,50.9,0,0,0
2025-01-22,1,18.5,38.8,0,7.1,53.8,0,0,0
2025-01-22,2,18.5,43.6,0,12.3,62.2,0,0,0
2025-01-22,3,18.5,13.7,0,7.9,55.7,0,0,0
2025-01-22,4,18.5,15.3,0,20.3,58.0,0,0,0
2025-01-22,5,18.5,31.2,0,10.3,57.0,0,0,0
2025-01-22,6,21.5,0,0,15.0,63.3,0,0,0
2025-01-22,7,22.9,34.1,1.53,11.8,46.3,166.8,0.3,0
2025-01-22,8,24.1,7.0,3.78,18.0,33.2,423.8,0.763,0
2025-01-22,9,25.3,0,5.66,3.9,52.3,636.4,1.144,0.029
2025-01-22,10,26.2,26.4,5.52,6.3,60.1,608.1,1.089,0
2025-01-22,11,26.9,0,7.73,19.1,76.8,869.3,1.553,1.547
2025-01-22,12,27.4,27.6,6.3,5.4,30,692.9,1.235,0.377
2025-01-22,13,27.5,25.7,6.2,4.4,67.9,683.3,1.217,0
2025-01-22,14,27.4,9.7,6.41,8.9,39.1,716.2,1.277,0.192
2025-01-22,15,26.9,31.5,4.28,10.7,69.4,469.1,0.838,0.005
2025-01-22,16,26.2,11.8,3.64,14.9,61.7,405.7,0.727,0
2025-01-22,17,25.3,0,2.07,9.0,58.3,232.9,0.419,0
2025-01-22,18,24.1,41.0,0.0,17.2,49.4,0.0,0.0,0
2025-01-22,19,22.9,20.8,0,7.7,80.8,0,0,0
2025-01-22,20,21.5,38.1,0,11.1,30,0,0,0
2025-01-22,21,18.5,44.6,0,18.2,60.7,0,0,0
2025-01-22,22,18.5,55.2,0,7.9,30,0,0,0
2025-01-22,23,18.5,7.9,0,4.4,52.5,0,0,0
2025-01-23,0,19.1,46.0,0,4.8,84.3,0,0,0
2025-01-23,1,19.1,16.0,0,11.6,44.3,0,0,0
2025-01-23,2,19.1,39.4,0,2.8,41.1,0,0,0
2025-01-23,3,19.1,3.5,0,12.4,30,0,0,0
2025-01-23,4,19.1,0,0,3.0,49.8,0,0,0
2025-01-23,5,19.1,2.0,0,24.6,63.3,0,0,0
2025-01-23,6,22.1,3.7,0,18.0,40.9,0,0,0
2025-01-23,7,23.4,66.8,1.01,11.4,47.3,103.3,0.186,0
2025-01-23,8,24.7,30.6,3.06,6.1,53.7,335.4,0.604,0.322
2025-01-23,9,25.8,36.6,4.06,18.4,43.8,442.2,0.793,0
2025-01-23,10,26.8,13.7,6.2,11.0,51.7,690.2,1.234,0.617
2025-01-23,11,27.5,29.0,6.0,7.8,54.5,659.2,1.175,0.718
2025-01-23,12,27.9,23.4,6.56,15.6,38.3,724.9,1.289,0.287
2025-01-23,13,28.1,32.7,5.78,17.5,43.9,632.3,1.124,0.154
2025-01-23,14,27.9,19.8,5.87,4.8,44.9,650.6,1.157,0.295
2025-01-23,15,27.5,16.4,4.94,13.3,69.0,549.6,0.979,0.819
2025-01-23,16,26.8,53.1,2.37,14.5,60.4,250.7,0.448,0
2025-01-23,17,25.8,37.2,1.48,5.8,56.9,160.7,0.288,0.269
2025-01-23,18,24.7,18.3,0.0,12.6,41.9,0.0,0.0,0
2025-01-23,19,23.4,17.6,0,14.4,54.3,0,0,0
2025-01-23,20,22.1,34.1,0,8.0,48.1,0,0,0
2025-01-23,21,19.1,20.0,0,13.1,70.3,0,0,0
2025-01-23,22,19.1,8.2,0,5.5,62.7,0,0,0
2025-01-23,23,19.1,69.5,0,15.2,63.0,0,0,0
2025-01-24,0,19.5,31.8,0,8.1,30,0,0,0
2025-01-24,1,19.5,0,0,15.5,51.5,0,0,0
2025-01-24,2,19.5,22.2,0,8.5,43.9,0,0,0
2025-01-24,3,19.5,63.0,0,13.0,44.2,0,0,0
2025-01-24,4,19.5,16.9,0,14.5,67.2,0,0,0
2025-01-24,5,19.5,22.1,0,16.6,67.2,0,0,0
2025-01-24,6,22.5,19.0,0,13.1,75.0,0,0,0
2025-01-24,7,23.8,51.2,1.26,12.1,64.8,133.6,0.241,0
2025-01-24,8,25.1,25.4,3.22,13.3,48.0,354.6,0.638,0.404
2025-01-24,9,26.2,9.3,5.25,11.4,48.6,587.0,1.052,0.647
2025-01-24,10,27.2,30.3,5.31,9.7,30,582.5,1.039,0
2025-01-24,11,27.9,38.3,5.45,14.5,66.8,592.1,1.054,0
2025-01-24,12,28.3,0,8.0,20.8,64.6,900.0,1.599,0.842
2025-01-24,13,28.5,72.4,3.42,12.8,71.3,344.7,0.612,0.416
2025-01-24,14,28.3,20.8,5.82,8.3,71.1,644.3,1.144,0.592
2025-01-24,15,27.9,9.3,5.25,12.2,75.5,587.1,1.045,0.726
2025-01-24,16,27.2,32.1,3.01,10.2,36.3,329.6,0.588,0.182
2025-01-24,17,26.2,23.0,1.7,12.7,40.4,188.4,0.337,0
2025-01-24,18,25.1,9.3,0.0,10.2,50.1,0.0,0.0,0
2025-01-24,19,23.8,30.4,0,14.6,44.4,0,0,0
2025-01-24,20,22.5,44.9,0,16.1,43.6,0,0,0
2025-01-24,21,19.5,43.0,0,16.0,60.2,0,0,0
2025-01-24,22,19.5,47.3,0,17.7,51.9,0,0,0
2025-01-24,23,19.5,44.9,0,13.6,30,0,0,0
2025-01-25,0,22.0,36.9,0,19.4,59.2,0,0,0
2025-01-25,1,22.0,12.7,0,16.1,42.4,0,0,0
2025-01-25,2,22.0,0,0,14.7,43.5,0,0,0
2025-01-25,3,22.0,29.1,0,14.2,75.8,0,0,0
2025-01-25,4,22.0,8.0,0,13.4,56.1,0,0,0
2025-01-25,5,22.0,30.4,0,16.0,51.9,0,0,0
2025-01-25,6,25.0,28.9,0,10.0,47.8,0,0,0
2025-01-25,7,26.3,0,2.07,8.6,54.5,232.9,0.417,0
2025-01-25,8,27.6,46.4,2.57,11.9,55.5,276.2,0.492,0
2025-01-25,9,28.7,27.7,4.45,7.9,83.4,489.4,0.868,0
2025-01-25,10,29.7,35.5,5.04,15.6,58.3,549.1,0.97,0.803
2025-01-25,11,30.4,28.5,6.03,8.7,76.4,662.6,1.167,1.038
2025-01-25,12,30.9,8.0,7.51,10.3,40.9,840.3,1.477,0.356
2025-01-25,13,31.0,32.7,5.78,8.4,85.6,632.3,1.111,0.475
2025-01-25,14,30.9,50.9,4.22,18.9,45.2,448.8,0.789,0
2025-01-25,15,30.4,38.6,3.98,5.8,50.2,432.0,0.761,0
2025-01-25,16,29.7,27.0,3.17,6.6,62.8,348.9,0.616,0
2025-01-25,17,28.7,48.6,1.3,18.1,77.5,138.7,0.246,0
2025-01-25,18,27.6,33.4,0.0,11.6,73.8,0.0,0.0,0
2025-01-25,19,26.3,8.7,0,7.2,55.0,0,0,0
2025-01-25,20,25.0,32.0,0,9.2,60.3,0,0,0
2025-01-25,21,22.0,45.5,0,17.9,49.7,0,0,0
2025-01-25,22,22.0,12.1,0,6.6,53.4,0,0,0
2025-01-25,23,22.0,15.0,0,15.4,61.2,0,0,0
2025-01-26,0,20.3,6.6,0,20.0,30.8,0,0,0
2025-01-26,1,20.3,14.9,0,8.6,37.5,0,0,0
2025-01-26,2,20.3,28.8,0,2.6,64.3,0,0,0
2025-01-26,3,20.3,35.9,0,12.5,60.1,0,0,0
2025-01-26,4,20.3,35.1,0,19.4,48.0,0,0,0
2025-01-26,5,20.3,28.1,0,7.3,57.8,0,0,0
2025-01-26,6,23.3,27.7,0,12.3,80.0,0,0,0
2025-01-26,7,24.6,23.4,1.7,9.1,30,187.6,0.338,0
2025-01-26,8,25.9,43.0,2.68,15.7,46.1,288.9,0.518,0
2025-01-26,9,27.0,30.2,4.34,23.2,56.8,476.2,0.85,0
2025-01-26,10,28.0,0,6.93,3.6,48.4,779.4,1.386,1.017
2025-01-26,11,28.7,12.5,6.98,12.8,57.7,778.5,1.381,0.219
2025-01-26,12,29.1,33.9,5.91,8.5,63.4,645.4,1.143,0
2025-01-26,13,29.3,51.2,4.68,14.7,51.0,498.3,0.882,0
2025-01-26,14,29.1,40.9,4.75,4.8,50.6,513.5,0.909,0
2025-01-26,15,28.7,36.3,4.08,10.0,68.0,443.8,0.787,0
2025-01-26,16,28.0,0,4.0,18.9,55.3,450.0,0.8,0
2025-01-26,17,27.0,30.8,1.58,5.6,35.0,173.2,0.309,0
2025-01-26,18,25.9,64.9,0.0,5.2,37.4,0.0,0.0,0
2025-01-26,19,24.6,25.8,0,10.0,73.8,0,0,0
2025-01-26,20,23.3,20.5,0,9.2,30,0,0,0
2025-01-26,21,20.3,43.5,0,17.2,59.0,0,0,0
2025-01-26,22,20.3,24.7,0,11.6,70.9,0,0,0
2025-01-26,23,20.3,0,0,8.4,60.5,0,0,0
2025-01-27,0,19.0,23.1,0,9.2,68.7,0,0,0
2025-01-27,1,19.0,44.9,0,2.4,61.4,0,0,0
2025-01-27,2,19.0,39.4,0,7.7,49.6,0,0,0
2025-01-27,3,19.0,40.2,0,14.3,30,0,0,0
2025-01-27,4,19.0,38.1,0,21.0,30,0,0,0
2025-01-27,5,19.0,0,0,5.8,76.0,0,0,0
2025-01-27,6,22.0,36.1,0,10.1,73.7,0,0,0
2025-01-27,7,23.3,0,2.07,12.9,50.8,232.9,0.419,0
2025-01-27,8,24.6,42.5,2.69,15.2,56.7,290.7,0.523,0
2025-01-27,9,25.7,17.0,4.92,12.7,47.3,546.1,0.98,0.109
2025-01-27,10,26.7,8.7,6.47,6.7,64.2,723.0,1.293,0.446
2025-01-27,11,27.4,17.2,6.71,13.5,68.3,745.0,1.328,0.506
2025-01-27,12,27.8,63.1,4.12,19.6,74.4,426.9,0.76,0.38
2025-01-27,13,28.0,45.4,5.03,15.5,54.8,540.8,0.962,0.131
2025-01-27,14,27.8,48.2,4.36,13.0,74.3,466.5,0.83,0.66
2025-01-27,15,27.4,0,5.66,11.4,68.4,636.4,1.135,1.025
2025-01-27,16,26.7,34.9,2.93,2.7,66.1,319.2,0.571,0
2025-01-27,17,25.7,17.6,1.79,3.8,89.5,198.8,0.357,0
2025-01-27,18,24.6,65.3,0.0,19.5,71.9,0.0,0.0,0
2025-01-27,19,23.3,49.1,0,23.2,31.1,0,0,0
2025-01-27,20,22.0,11.7,0,12.3,49.9,0,0,0
2025-01-27,21,19.0,22.6,0,12.6,46.4,0,0,0
2025-01-27,22,19.0,17.3,0,10.6,39.8,0,0,0
2025-01-27,23,19.0,0,0,5.0,30,0,0,0
2025-01-28,0,19.4,41.3,0,19.2,41.2,0,0,0
2025-01-28,1,19.4,53.5,0,13.2,48.2,0,0,0
2025-01-28,2,19.4,21.1,0,0.1,54.2,0,0,0
2025-01-28,3,19.4,19.1,0,17.1,66.1,0,0,0
2025-01-28,4,19.4,59.6,0,19.4,49.8,0,0,0
2025-01-28,5,19.4,11.3,0,3.0,64.4,0,0,0
2025-01-28,6,22.4,28.1,0,12.7,75.7,0,0,0
2025-01-28,7,23.8,48.0,1.31,8.1,50.8,139.8,0.252,0
2025-01-28,8,25.0,16.8,3.48,13.9,68.2,386.9,0.696,0
2025-01-28,9,26.2,7.5,5.33,16.4,30,596.8,1.069,1.048
2025-01-28,10,27.1,18.7,5.93,14.4,30,657.8,1.174,0
2025-01-28,11,27.8,24.5,6.27,15.1,57.1,691.5,1.231,0.004
2025-01-28,12,28.3,16.4,6.99,7.5,46.3,776.7,1.38,0.112
2025-01-28,13,28.4,26.8,6.14,4.0,73.9,675.3,1.199,0.283
2025-01-28,14,28.3,40.9,4.75,14.1,61.7,513.9,0.913,0.029
2025-01-28,15,27.8,66.4,2.77,14.9,57.5,284.1,0.506,0
2025-01-28,16,27.1,0,4.0,13.3,44.3,450.0,0.803,0.794
2025-01-28,17,26.2,37.1,1.48,8.0,48.5,160.9,0.288,0.257
2025-01-28,18,25.0,0,0.0,15.7,63.1,0.0,0.0,0
2025-01-28,19,23.8,28.2,0,11.4,66.9,0,0,0
2025-01-28,20,22.4,23.0,0,18.5,30,0,0,0
2025-01-28,21,19.4,16.2,0,18.3,59.1,0,0,0
2025-01-28,22,19.4,49.0,0,5.8,40.7,0,0,0
2025-01-28,23,19.4,3.9,0,10.2,81.2,0,0,0
2025-01-29,0,24.0,13.6,0,9.2,79.0,0,0,0
2025-01-29,1,24.0,0,0,11.6,43.8,0,0,0
2025-01-29,2,24.0,45.4,0,16.2,60.0,0,0,0
2025-01-29,3,24.0,47.9,0,11.6,47.5,0,0,0
2025-01-29,4,24.0,36.1,0,10.4,61.6,0,0,0
2025-01-29,5,24.0,40.1,0,8.0,36.7,0,0,0
2025-01-29,6,27.0,33.7,0,12.9,59.9,0,0,0
2025-01-29,7,28.4,13.4,1.86,19.5,30,206.9,0.367,0
2025-01-29,8,29.6,10.1,3.69,17.8,45.6,412.2,0.728,0.608
2025-01-29,9,30.8,36.4,4.07,17.9,69.1,443.3,0.779,0
2025-01-29,10,31.7,23.5,5.67,2.9,68.2,626.7,1.098,0.996
2025-01-29,11,32.4,0,7.73,13.0,53.1,869.3,1.518,1.483
2025-01-29,12,32.9,40.2,5.52,14.0,65.2,598.3,1.043,0
2025-01-29,13,33.0,29.0,6.0,17.0,61.3,659.3,1.149,0
2025-01-29,14,32.9,50.9,4.22,10.0,47.0,449.0,0.783,0
2025-01-29,15,32.4,51.4,3.42,10.4,79.0,363.9,0.635,0
2025-01-29,16,31.7,42.4,2.7,10.5,61.8,291.0,0.51,0.228
2025-01-29,17,30.8,0,2.07,9.7,33.3,232.9,0.41,0.092
2025-01-29,18,29.6,0,0.0,8.1,77.1,0.0,0.0,0
2025-01-29,19,28.4,0.0,0,16.2,52.3,0,0,0
2025-01-29,20,27.0,30.9,0,18.7,60.9,0,0,0
2025-01-29,21,24.0,0,0,12.2,54.3,0,0,0
2025-01-29,22,24.0,47.3,0,17.7,46.3,0,0,0
2025-01-29,23,24.0,50.9,0,14.4,52.8,0,0,0
2025-01-30,0,19.6,31.2,0,14.3,55.7,0,0,0
2025-01-30,1,19.6,16.4,0,6.5,63.7,0,0,0
2025-01-30,2,19.6,0,0,9.5,44.2,0,0,0
2025-01-30,3,19.6,14.3,0,11.6,78.6,0,0,0
2025-01-30,4,19.6,27.8,0,7.8,60.8,0,0,0
2025-01-30,5,19.6,0,0,10.9,73.0,0,0,0
2025-01-30,6,22.6,26.8,0,12.5,33.4,0,0,0
2025-01-30,7,23.9,29.4,1.6,2.2,89.4,175.8,0.316,0
2025-01-30,8,25.2,25.4,3.22,9.8,62.9,354.9,0.638,0.548
2025-01-30,9,26.3,26.9,4.49,5.6,54.8,493.9,0.884,0.611
2025-01-30,10,27.2,42.7,4.65,10.2,60.5,501.9,0.895,0
2025-01-30,11,28.0,35.1,5.64,14.6,50.8,615.2,1.094,1.05
2025-01-30,12,28.4,27.6,6.3,8.3,72.5,692.9,1.23,0.276
2025-01-30,13,28.6,22.4,6.4,7.0,77.3,707.1,1.255,0.565
2025-01-30,14,28.4,5.6,6.63,21.7,74.0,742.7,1.319,1.221
2025-01-30,15,28.0,45.4,3.68,8.9,43.0,395.7,0.704,0
2025-01-30,16,27.2,49.0,2.49,14.4,30,266.4,0.475,0
2025-01-30,17,26.3,49.1,1.29,9.5,47.3,137.7,0.247,0
2025-01-30,18,25.2,23.4,0.0,17.3,56.2,0.0,0.0,0
2025-01-30,19,23.9,38.4,0,9.4,45.1,0,0,0
2025-01-30,20,22.6,30.4,0,18.3,71.5,0,0,0
2025-01-30,21,19.6,58.2,0,11.1,79.9,0,0,0
2025-01-30,22,19.6,21.4,0,16.4,30,0,0,0
2025-01-30,23,19.6,28.8,0,9.2,36.5,0,0,0
2025-01-31,0,17.8,5.2,0,14.6,85.1,0,0,0
2025-01-31,1,17.8,32.4,0,2.2,67.4,0,0,0
2025-01-31,2,17.8,61.4,0,11.7,58.2,0,0,0
2025-01-31,3,17.8,27.7,0,11.9,62.3,0,0,0
2025-01-31,4,17.8,19.0,0,14.5,60.2,0,0,0
2025-01-31,5,17.8,40.4,0,14.4,75.8,0,0,0
2025-01-31,6,20.8,9.4,0,13.3,54.5,0,0,0
2025-01-31,7,22.1,33.0,1.54,4.6,72.3,168.9,0.304,0
2025-01-31,8,23.4,30.6,3.06,9.9,58.0,335.3,0.604,0.574
2025-01-31,9,24.5,42.4,3.81,11.7,60.5,411.4,0.741,0.01
2025-01-31,10,25.5,18.0,5.97,15.5,67.0,662.5,1.19,0.922
2025-01-31,11,26.2,20.5,6.51,9.4,53.7,720.6,1.291,1.122
2025-01-31,12,26.6,1.5,7.91,8.5,69.0,888.8,1.59,0.212
2025-01-31,13,26.8,16.9,6.73,14.8,85.4,747.2,1.336,0.239
2025-01-31,14,26.6,16.6,6.04,11.6,64.3,671.6,1.201,0.804
2025-01-31,15,26.2,30.4,4.33,12.6,39.7,475.2,0.851,0.016
2025-01-31,16,25.5,23.9,3.27,11.5,56.7,360.5,0.648,0
2025-01-31,17,24.5,10.7,1.9,6.9,33.1,212.2,0.382,0
2025-01-31,18,23.4,15.8,0.0,17.6,38.0,0.0,0.0,0
2025-01-31,19,22.1,16.3,0,16.7,69.6,0,0,0
2025-01-31,20,20.8,21.7,0,9.7,59.5,0,0,0
2025-01-31,21,17.8,52.4,0,12.2,65.3,0,0,0
2025-01-31,22,17.8,18.1,0,9.3,62.8,0,0,0
2025-01-31,23,17.8,53.7,0,18.4,61.9,0,0,0
2025-02-01,0,17.2,18.9,0,7.8,43.5,0,0,0
2025-02-01,1,17.2,4.9,0,12.2,54.9,0,0,0
2025-02-01,2,17.2,39.5,0,7.2,30,0,0,0
2025-02-01,3,17.2,0,0,6.3,37.0,0,0,0
2025-02-01,4,17.2,20.3,0,7.1,34.6,0,0,0
2025-02-01,5,17.2,20.5,0,8.9,74.0,0,0,0
2025-02-01,6,20.2,29.6,0,18.8,51.9,0,0,0
2025-02-01,7,21.5,68.6,0.98,10.9,37.1,99.8,0.18,0
2025-02-01,8,22.8,27.0,3.17,14.7,71.5,348.8,0.628,0
2025-02-01,9,23.9,14.2,5.04,3.0,50.3,561.2,1.01,0.652
2025-02-01,10,24.9,42.4,4.67,20.2,34.2,503.9,0.907,0
2025-02-01,11,25.6,32.1,5.82,19.9,36.4,637.1,1.144,1.079
2025-02-01,12,26.1,0,8.0,18.4,58.2,900.0,1.613,1.382
2025-02-01,13,26.2,15.7,6.8,12.0,62.0,755.8,1.354,0.819
2025-02-01,14,26.1,33.0,5.17,6.3,48.8,565.3,1.013,0.42
2025-02-01,15,25.6,27.5,4.46,19.7,54.6,490.5,0.881,0.207
2025-02-01,16,24.9,0,4.0,13.2,55.5,450.0,0.81,0
2025-02-01,17,23.9,13.6,1.85,7.9,68.5,206.5,0.372,0.016
2025-02-01,18,22.8,12.5,0.0,15.3,52.9,0.0,0.0,0
2025-02-01,19,21.5,27.6,0,10.4,52.8,0,0,0
2025-02-01,20,20.2,21.8,0,8.1,50.0,0,0,0
2025-02-01,21,17.2,38.3,0,18.0,66.6,0,0,0
2025-02-01,22,17.2,31.3,0,17.0,60.5,0,0,0
2025-02-01,23,17.2,0,0,17.2,59.4,0,0,0
2025-02-02,0,21.2,8.7,0,5.9,66.9,0,0,0
2025-02-02,1,21.2,13.2,0,15.9,30,0,0,0
2025-02-02,2,21.2,3.4,0,19.8,50.8,0,0,0
2025-02-02,3,21.2,16.0,0,8.1,77.7,0,0,0
2025-02-02,4,21.2,39.5,0,6.2,52.2,0,0,0
2025-02-02,5,21.2,25.2,0,10.9,41.0,0,0,0
2025-02-02,6,24.2,12.7,0,14.8,41.9,0,0,0
2025-02-02,7,25.5,41.6,1.41,8.6,37.1,152.1,0.273,0
2025-02-02,8,26.8,26.3,3.19,8.1,33.4,351.3,0.628,0.025
2025-02-02,9,27.9,54.2,3.3,13.9,30.8,348.9,0.621,0
2025-02-02,10,28.9,13.6,6.2,14.6,62.2,690.9,1.224,1.108
2025-02-02,11,29.6,28.8,6.01,9.9,76.3,660.6,1.167,0.32
2025-02-02,12,30.0,42.6,5.38,19.1,62.7,580.4,1.024,0
2025-02-02,13,30.2,18.3,6.64,12.2,49.3,736.6,1.298,0.422
2025-02-02,14,30.0,5.6,6.63,21.2,54.7,743.0,1.311,0.003
2025-02-02,15,29.6,36.0,4.09,15.6,53.4,445.4,0.787,0
2025-02-02,16,28.9,24.7,3.24,11.4,66.6,357.2,0.633,0.163
2025-02-02,17,27.9,23.8,1.69,21.9,38.1,186.8,0.332,0
2025-02-02,18,26.8,16.8,0.0,16.0,59.0,0.0,0.0,0
2025-02-02,19,25.5,37.6,0,2.7,54.6,0,0,0
2025-02-02,20,24.2,38.4,0,7.3,51.7,0,0,0
2025-02-02,21,21.2,0,0,12.5,37.1,0,0,0
2025-02-02,22,21.2,51.9,0,17.6,45.7,0,0,0
2025-02-02,23,21.2,15.3,0,17.7,38.7,0,0,0
2025-02-03,0,23.0,19.7,0,20.8,48.9,0,0,0
2025-02-03,1,23.0,55.4,0,7.4,46.0,0,0,0
2025-02-03,2,23.0,0,0,15.5,70.0,0,0,0
2025-02-03,3,23.0,32.6,0,21.5,64.1,0,0,0
2025-02-03,4,23.0,14.6,0,10.2,72.0,0,0,0
2025-02-03,5,23.0,13.0,0,4.5,55.3,0,0,0
2025-02-03,6,26.0,21.2,0,15.3,59.4,0,0,0
2025-02-03,7,27.4,15.5,1.82,12.6,61.7,202.9,0.362,0.219
2025-02-03,8,28.6,35.5,2.91,0.0,36.1,316.9,0.562,0.176
2025-02-03,9,29.8,40.0,3.92,18.3,42.3,424.4,0.749,0.517
2025-02-03,10,30.7,53.9,4.05,14.7,82.6,429.2,0.755,0.315
2025-02-03,11,31.4,34.9,5.65,12.7,74.7,616.7,1.082,0.604
2025-02-03,12,31.9,14.3,7.12,10.9,66.3,793.0,1.388,0.126
2025-02-03,13,32.0,15.7,6.79,17.2,76.9,755.7,1.322,0
2025-02-03,14,31.9,21.0,5.81,12.8,39.4,643.2,1.126,0.791
2025-02-03,15,31.4,44.6,3.72,9.9,53.1,399.9,0.701,0.004
2025-02-03,16,30.7,22.1,3.32,6.7,51.8,367.1,0.646,0
2025-02-03,17,29.8,16.1,1.81,20.2,78.6,201.7,0.356,0
2025-02-03,18,28.6,47.7,0.0,9.7,51.5,0.0,0.0,0
2025-02-03,19,27.4,42.9,0,0.5,55.7,0,0,0
2025-02-03,20,26.0,0,0,13.0,39.7,0,0,0
2025-02-03,21,23.0,10.6,0,14.5,64.2,0,0,0
2025-02-03,22,23.0,33.1,0,9.0,58.4,0,0,0
2025-02-03,23,23.0,22.7,0,16.5,52.2,0,0,0
2025-02-04,0,21.4,19.7,0,9.3,69.2,0,0,0
2025-02-04,1,21.4,24.4,0,8.9,58.0,0,0,0
2025-02-04,2,21.4,8.6,0,9.9,52.6,0,0,0
2025-02-04,3,21.4,31.4,0,5.5,51.2,0,0,0
2025-02-04,4,21.4,26.3,0,17.9,67.4,0,0,0
2025-02-04,5,21.4,8.5,0,9.8,39.4,0,0,0
2025-02-04,6,24.4,45.9,0,17.8,86.3,0,0,0
2025-02-04,7,25.7,47.3,1.32,3.5,46.5,141.2,0.253,0.112
2025-02-04,8,27.0,26.4,3.19,13.8,49.8,351.0,0.627,0
2025-02-04,9,28.1,15.3,4.99,11.4,46.2,555.5,0.988,0.185
2025-02-04,10,29.1,27.4,5.47,7.2,54.4,601.4,1.065,0.768
2025-02-04,11,29.8,13.9,6.9,13.9,62.8,768.6,1.357,0.05
2025-02-04,12,30.2,35.6,5.81,1.5,54.6,632.9,1.115,1.092
2025-02-04,13,30.4,46.7,4.95,10.0,60.0,531.0,0.935,0
2025-02-04,14,30.2,0,6.93,13.1,79.8,779.4,1.374,1.144
2025-02-04,15,29.8,24.6,4.59,13.2,40.8,506.2,0.894,0.456
2025-02-04,16,29.1,40.0,2.77,13.6,51.0,299.9,0.531,0
2025-02-04,17,28.1,27.7,1.63,18.7,60.0,179.1,0.318,0.225
2025-02-04,18,27.0,0,0.0,12.2,75.3,0.0,0.0,0
2025-02-04,19,25.7,51.8,0,13.8,45.2,0,0,0
2025-02-04,20,24.4,0,0,14.1,39.5,0,0,0
2025-02-04,21,21.4,72.4,0,12.8,41.9,0,0,0
2025-02-04,22,21.4,35.7,0,12.3,79.4,0,0,0
2025-02-04,23,21.4,35.7,0,15.7,61.3,0,0,0
2025-02-05,0,22.8,0,0,23.9,81.6,0,0,0
2025-02-05,1,22.8,24.4,0,3.3,55.4,0,0,0
2025-02-05,2,22.8,25.3,0,4.9,61.6,0,0,0
2025-02-05,3,22.8,51.6,0,12.5,48.6,0,0,0
2025-02-05,4,22.8,18.1,0,14.4,76.9,0,0,0
2025-02-05,5,22.8,18.6,0,18.2,76.1,0,0,0
2025-02-05,6,25.8,52.3,0,7.3,68.4,0,0,0
2025-02-05,7,27.2,0,2.07,3.4,66.1,232.9,0.416,0
2025-02-05,8,28.4,36.6,2.87,8.9,72.9,312.7,0.555,0
2025-02-05,9,29.6,19.0,4.83,21.8,81.2,535.6,0.946,0
2025-02-05,10,30.5,24.5,5.62,21.5,56.1,620.2,1.092,0.405
2025-02-05,11,31.2,38.2,5.46,12.5,72.4,592.6,1.04,0
2025-02-05,12,31.7,12.6,7.23,4.8,34.6,805.8,1.412,0.222
2025-02-05,13,31.8,47.0,4.94,7.1,30,529.1,0.926,0
2025-02-05,14,31.7,17.9,5.97,13.2,38.6,663.2,1.162,0.653
2025-02-05,15,31.2,0,5.66,4.1,39.0,636.4,1.117,0
2025-02-05,16,30.5,48.2,2.52,12.2,62.2,269.4,0.474,0
2025-02-05,17,29.6,26.0,1.66,6.1,65.0,182.5,0.322,0
2025-02-05,18,28.4,17.9,0.0,15.0,37.4,0.0,0.0,0
2025-02-05,19,27.2,55.7,0,11.4,61.2,0,0,0
2025-02-05,20,25.8,18.5,0,6.9,40.6,0,0,0
2025-02-05,21,22.8,0,0,11.4,51.0,0,0,0
2025-02-05,22,22.8,31.4,0,15.6,68.7,0,0,0
2025-02-05,23,22.8,20.0,0,17.3,41.9,0,0,0
2025-02-06,0,20.0,39.5,0,17.7,50.1,0,0,0
2025-02-06,1,20.0,39.0,0,20.7,64.6,0,0,0
2025-02-06,2,20.0,45.8,0,17.4,87.2,0,0,0
2025-02-06,3,20.0,30.5,0,8.5,50.9,0,0,0
2025-02-06,4,20.0,32.4,0,15.9,41.3,0,0,0
2025-02-06,5,20.0,63.2,0,7.4,52.0,0,0,0
2025-02-06,6,23.0,18.1,0,0.2,68.0,0,0,0
2025-02-06,7,24.4,10.0,1.91,6.0,42.0,213.5,0.384,0
2025-02-06,8,25.6,42.1,2.7,16.9,45.3,292.1,0.525,0
2025-02-06,9,26.8,31.8,4.27,11.7,66.6,467.9,0.836,0
2025-02-06,10,27.7,0,6.93,4.1,63.1,779.4,1.388,0.051
2025-02-06,11,28.4,20.6,6.5,3.7,68.0,720.2,1.278,1.073
2025-02-06,12,28.9,28.9,6.22,22.1,45.8,683.4,1.211,0.994
2025-02-06,13,29.0,2.6,7.57,8.6,69.3,850.2,1.506,0.385
2025-02-06,14,28.9,30.8,5.29,9.4,45.5,579.6,1.027,0
2025-02-06,15,28.4,18.6,4.85,18.1,30,537.8,0.955,0
2025-02-06,16,27.7,51.4,2.42,14.5,33.8,257.1,0.458,0
2025-02-06,17,26.8,55.6,1.18,10.2,50.6,125.0,0.223,0
2025-02-06,18,25.6,10.0,0.0,3.7,42.2,0.0,0.0,0
2025-02-06,19,24.4,18.7,0,14.2,30,0,0,0
2025-02-06,20,23.0,20.9,0,11.8,45.8,0,0,0
2025-02-06,21,20.0,40.9,0,13.4,30,0,0,0
2025-02-06,22,20.0,60.0,0,13.7,66.9,0,0,0
2025-02-06,23,20.0,30.7,0,16.2,48.3,0,0,0
2025-02-07,0,22.3,9.5,0,15.0,66.5,0,0,0
2025-02-07,1,22.3,21.4,0,16.6,46.1,0,0,0
2025-02-07,2,22.3,2.4,0,5.4,51.6,0,0,0
2025-02-07,3,22.3,35.5,0,5.7,58.6,0,0,0
2025-02-07,4,22.3,25.3,0,8.0,33.2,0,0,0
2025-02-07,5,22.3,58.9,0,10.3,75.5,0,0,0
2025-02-07,6,25.3,25.8,0,10.6,64.0,0,0,0
2025-02-07,7,26.7,2.1,2.04,15.7,50.7,228.9,0.409,0.044
2025-02-07,8,27.9,47.8,2.53,14.7,55.5,270.6,0.481,0
2025-02-07,9,29.1,0,5.66,12.9,48.2,636.4,1.127,0.667
2025-02-07,10,30.0,0,6.93,1.7,39.7,779.4,1.375,0.213
2025-02-07,11,30.7,2.1,7.6,2.6,76.9,854.0,1.502,0.388
2025-02-07,12,31.2,14.1,7.13,16.2,59.8,794.1,1.394,1.115
2025-02-07,13,31.3,7.6,7.28,16.3,41.7,814.5,1.429,0.647
2025-02-07,14,31.2,4.1,6.71,2.6,64.1,752.7,1.321,1.222
2025-02-07,15,30.7,38.5,3.98,7.0,64.2,432.0,0.76,0
2025-02-07,16,30.0,12.0,3.63,6.3,38.9,404.9,0.714,0.303
2025-02-07,17,29.1,39.9,1.44,16.9,33.1,155.6,0.275,0
2025-02-07,18,27.9,42.4,0.0,18.1,55.5,0.0,0.0,0
2025-02-07,19,26.7,1.4,0,18.6,40.3,0,0,0
2025-02-07,20,25.3,0.6,0,3.7,70.9,0,0,0
2025-02-07,21,22.3,47.9,0,8.9,47.2,0,0,0
2025-02-07,22,22.3,0,0,6.4,53.5,0,0,0
2025-02-07,23,22.3,38.7,0,18.2,67.5,0,0,0
2025-02-08,0,22.6,7.1,0,11.4,49.5,0,0,0
2025-02-08,1,22.6,24.2,0,12.4,49.4,0,0,0
2025-02-08,2,22.6,17.1,0,17.1,60.9,0,0,0
2025-02-08,3,22.6,27.0,0,10.7,58.4,0,0,0
2025-02-08,4,22.6,16.4,0,8.9,45.1,0,0,0
2025-02-08,5,22.6,12.3,0,10.5,57.8,0,0,0
2025-02-08,6,25.6,11.8,0,14.2,37.6,0,0,0
2025-02-08,7,27.0,25.8,1.66,10.8,39.3,182.8,0.326,0.231
2025-02-08,8,28.3,24.4,3.25,6.5,37.4,358.6,0.637,0
2025-02-08,9,29.4,5.6,5.41,15.5,45.9,606.7,1.073,0
2025-02-08,10,30.3,17.4,6.0,21.0,54.3,666.3,1.174,0
2025-02-08,11,31.1,0,7.73,24.9,70.4,869.3,1.527,1.326
2025-02-08,12,31.5,34.9,5.85,4.7,61.5,638.3,1.119,0.056
2025-02-08,13,31.6,7.4,7.28,13.3,60.6,815.4,1.429,1.005
2025-02-08,14,31.5,43.9,4.59,14.8,78.0,494.4,0.867,0.093
2025-02-08,15,31.1,12.7,5.1,13.2,52.2,569.0,0.999,0.601
2025-02-08,16,30.3,12.3,3.62,4.8,46.4,403.8,0.711,0
2025-02-08,17,29.4,24.3,1.68,0.2,76.0,185.8,0.329,0
2025-02-08,18,28.3,9.6,0.0,15.1,58.9,0.0,0.0,0
2025-02-08,19,27.0,45.9,0,6.0,47.0,0,0,0
2025-02-08,20,25.6,13.6,0,15.7,73.2,0,0,0
2025-02-08,21,22.6,22.9,0,13.4,61.4,0,0,0
2025-02-08,22,22.6,41.7,0,13.8,39.4,0,0,0
2025-02-08,23,22.6,34.1,0,13.8,57.9,0,0,0
2025-02-09,0,19.9,55.3,0,7.3,30,0,0,0
2025-02-09,1,19.9,30.5,0,17.0,67.2,0,0,0
2025-02-09,2,19.9,28.9,0,15.7,87.5,0,0,0
2025-02-09,3,19.9,30.8,0,25.2,40.8,0,0,0
2025-02-09,4,19.9,22.8,0,7.1,65.9,0,0,0
2025-02-09,5,19.9,0,0,15.5,55.8,0,0,0
2025-02-09,6,22.9,23.0,0,12.5,67.7,0,0,0
2025-02-09,7,24.2,0,2.07,22.1,63.4,232.9,0.419,0
2025-02-09,8,25.5,40.9,2.74,13.9,32.9,296.4,0.533,0
2025-02-09,9,26.6,0,5.66,9.8,47.2,636.4,1.138,0.773
2025-02-09,10,27.6,41.3,4.73,9.3,70.9,511.2,0.911,0.722
2025-02-09,11,28.3,41.3,5.27,13.7,70.7,570.4,1.013,0.135
2025-02-09,12,28.7,4.5,7.72,6.1,49.8,866.4,1.536,0.449
2025-02-09,13,28.9,27.8,6.08,17.3,60.6,668.2,1.184,0.584
2025-02-09,14,28.7,10.3,6.38,5.0,56.4,712.7,1.264,0.226
2025-02-09,15,28.3,53.9,3.31,9.3,56.5,350.5,0.623,0
2025-02-09,16,27.6,19.2,3.41,11.0,58.2,378.2,0.674,0.331
2025-02-09,17,26.6,83.7,0.74,5.1,71.5,70.4,0.126,0
2025-02-09,18,25.5,3.1,0.0,5.9,61.5,0.0,0.0,0
2025-02-09,19,24.2,27.1,0,12.5,51.0,0,0,0
2025-02-09,20,22.9,27.8,0,23.5,59.3,0,0,0
2025-02-09,21,19.9,54.3,0,4.8,30,0,0,0
2025-02-09,22,19.9,27.2,0,12.8,55.3,0,0,0
2025-02-09,23,19.9,15.6,0,11.2,45.7,0,0,0
2025-02-10,0,23.4,45.5,0,18.9,71.3,0,0,0
2025-02-10,1,23.4,26.2,0,11.8,66.4,0,0,0
2025-02-10,2,23.4,4.5,0,5.0,54.7,0,0,0
2025-02-10,3,23.4,27.5,0,10.1,72.8,0,0,0
2025-02-10,4,23.4,33.4,0,11.5,56.1,0,0,0
2025-02-10,5,23.4,62.2,0,13.4,61.3,0,0,0
2025-02-10,6,26.4,4.5,0,10.0,46.7,0,0,0
2025-02-10,7,27.8,67.1,1.0,20.8,41.6,102.7,0.183,0.042
2025-02-10,8,29.1,19.7,3.39,10.8,30,376.2,0.666,0
2025-02-10,9,30.2,40.4,3.9,14.8,46.7,422.2,0.744,0.522
2025-02-10,10,31.1,57.1,3.89,1.1,30,408.8,0.718,0
2025-02-10,11,31.9,32.9,5.77,12.1,72.4,631.1,1.105,0.207
2025-02-10,12,32.3,45.1,5.22,6.5,52.9,561.6,0.981,0.37
2025-02-10,13,32.4,2.8,7.56,7.4,76.1,848.8,1.482,0.287
2025-02-10,14,32.3,8.7,6.46,20.1,40.1,722.9,1.263,0.188
2025-02-10,15,31.9,54.7,3.28,13.4,64.4,346.5,0.607,0
2025-02-10,16,31.1,7.8,3.76,17.1,87.4,420.7,0.739,0.076
2025-02-10,17,30.2,20.9,1.74,8.3,50.7,192.4,0.339,0
2025-02-10,18,29.1,42.6,0.0,16.5,64.1,0.0,0.0,0
2025-02-10,19,27.8,0,0,2.4,57.2,0,0,0
2025-02-10,20,26.4,0,0,12.1,43.0,0,0,0
2025-02-10,21,23.4,21.5,0,12.5,58.8,0,0,0
2025-02-10,22,23.4,66.4,0,7.9,77.6,0,0,0
2025-02-10,23,23.4,52.4,0,6.3,48.1,0,0,0
2025-02-11,0,22.1,14.1,0,18.5,42.5,0,0,0
2025-02-11,1,22.1,43.4,0,15.3,70.7,0,0,0
2025-02-11,2,22.1,0,0,9.2,30,0,0,0
2025-02-11,3,22.1,49.3,0,14.1,53.7,0,0,0
2025-02-11,4,22.1,14.9,0,22.6,66.6,0,0,0
2025-02-11,5,22.1,26.3,0,15.1,54.4,0,0,0
2025-02-11,6,25.1,13.2,0,4.9,54.4,0,0,0
2025-02-11,7,26.4,0,2.07,11.9,58.6,232.9,0.417,0
2025-02-11,8,27.7,28.9,3.11,15.7,76.0,341.5,0.608,0
2025-02-11,9,28.8,18.6,4.85,8.2,38.2,537.7,0.953,0
2025-02-11,10,29.8,22.6,5.72,13.7,57.3,632.7,1.117,0.575
2025-02-11,11,30.5,26.4,6.16,13.5,60.7,678.1,1.194,0.453
2025-02-11,12,30.9,54.9,4.62,10.5,51.2,487.9,0.857,0.59
2025-02-11,13,31.1,58.9,4.23,15.4,62.5,442.7,0.777,0.164
2025-02-11,14,30.9,17.0,6.02,7.0,54.1,669.3,1.176,0
2025-02-11,15,30.5,16.2,4.95,6.8,78.7,550.7,0.97,0.924
2025-02-11,16,29.8,31.8,3.02,8.8,71.6,330.7,0.584,0
2025-02-11,17,28.8,0,2.07,11.9,57.1,232.9,0.413,0.128
2025-02-11,18,27.7,34.7,0.0,10.3,44.2,0.0,0.0,0
2025-02-11,19,26.4,2.6,0,13.2,62.6,0,0,0
2025-02-11,20,25.1,44.5,0,11.5,43.8,0,0,0
2025-02-11,21,22.1,3.8,0,12.8,56.0,0,0,0
2025-02-11,22,22.1,60.2,0,21.4,39.3,0,0,0
2025-02-11,23,22.1,49.2,0,12.9,43.9,0,0,0
2025-02-12,0,21.4,23.6,0,12.1,81.7,0,0,0
2025-02-12,1,21.4,0.1,0,17.8,56.6,0,0,0
2025-02-12,2,21.4,38.0,0,8.4,64.5,0,0,0
2025-02-12,3,21.4,0,0,13.8,76.0,0,0,0
2025-02-12,4,21.4,34.2,0,12.1,58.6,0,0,0
2025-02-12,5,21.4,41.6,0,15.7,53.4,0,0,0
2025-02-12,6,24.4,16.4,0,8.9,56.2,0,0,0
2025-02-12,7,25.7,15.7,1.82,12.9,67.9,202.5,0.363,0
2025-02-12,8,27.0,32.8,2.99,17.9,47.6,326.9,0.584,0.477
2025-02-12,9,28.1,30.7,4.32,20.1,30,473.6,0.842,0
2025-02-12,10,29.1,9.4,6.42,13.5,49.4,718.1,1.271,0
2025-02-12,11,29.8,10.4,7.11,11.4,69.3,794.2,1.402,1.083
2025-02-12,12,30.2,60.1,4.3,15.4,60.9,449.0,0.791,0
2025-02-12,13,30.4,0,7.73,14.0,69.7,869.3,1.531,1.054
2025-02-12,14,30.2,34.9,5.07,14.0,76.3,552.7,0.974,0.432
2025-02-12,15,29.8,67.1,2.74,21.8,45.6,280.8,0.496,0.48
2025-02-12,16,29.1,26.5,3.19,8.6,40.2,350.8,0.621,0.584
2025-02-12,17,28.1,0,2.07,13.5,44.3,232.9,0.414,0
2025-02-12,18,27.0,21.6,0.0,6.3,41.7,0.0,0.0,0
2025-02-12,19,25.7,41.0,0,0.6,53.2,0,0,0
2025-02-12,20,24.4,0,0,14.6,49.5,0,0,0
2025-02-12,21,21.4,0,0,5.8,64.1,0,0,0
2025-02-12,22,21.4,31.9,0,9.4,58.1,0,0,0
2025-02-12,23,21.4,24.8,0,5.4,69.1,0,0,0
2025-02-13,0,21.7,73.5,0,13.0,56.8,0,0,0
2025-02-13,1,21.7,47.6,0,17.5,49.4,0,0,0
2025-02-13,2,21.7,14.9,0,9.6,60.1,0,0,0
2025-02-13,3,21.7,13.4,0,8.6,57.9,0,0,0
2025-02-13,4,21.7,16.1,0,16.6,42.7,0,0,0
2025-02-13,5,21.7,49.8,0,9.9,61.3,0,0,0
2025-02-13,6,24.7,52.4,0,12.0,54.2,0,0,0
2025-02-13,7,26.0,47.0,1.32,11.4,47.1,141.7,0.254,0
2025-02-13,8,27.3,61.9,2.1,20.7,59.8,217.8,0.389,0
2025-02-13,9,28.4,33.8,4.19,2.9,39.7,457.4,0.812,0.727
2025-02-13,10,29.4,26.2,5.53,15.0,40.9,609.3,1.078,0.465
2025-02-13,11,30.1,13.8,6.91,17.6,40.7,769.7,1.357,0.067
2025-02-13,12,30.5,40.3,5.52,10.9,69.3,598.1,1.053,0.976
2025-02-13,13,30.7,17.7,6.67,14.0,51.4,741.1,1.304,1.278
2025-02-13,14,30.5,20.9,5.81,16.0,84.7,643.5,1.133,0.503
2025-02-13,15,30.1,16.6,4.93,2.4,49.6,548.1,0.966,0
2025-02-13,16,29.4,11.3,3.65,7.1,63.3,407.5,0.721,0
2025-02-13,17,28.4,35.0,1.51,4.3,41.1,165.0,0.293,0
2025-02-13,18,27.3,37.7,0.0,11.2,83.4,0.0,0.0,0
2025-02-13,19,26.0,44.6,0,15.2,75.9,0,0,0
2025-02-13,20,24.7,26.6,0,16.8,32.7,0,0,0
2025-02-13,21,21.7,20.5,0,11.6,34.0,0,0,0
2025-02-13,22,21.7,8.1,0,4.1,72.0,0,0,0
2025-02-13,23,21.7,26.4,0,10.2,34.0,0,0,0
2025-02-14,0,25.9,15.9,0,12.6,70.8,0,0,0
2025-02-14,1,25.9,30.5,0,16.9,86.3,0,0,0
2025-02-14,2,25.9,14.7,0,11.6,40.9,0,0,0
2025-02-14,3,25.9,26.1,0,9.4,56.8,0,0,0
2025-02-14,4,25.9,38.7,0,14.6,56.8,0,0,0
2025-02-14,5,25.9,17.9,0,13.0,30,0,0,0
2025-02-14,6,28.9,1.4,0,7.2,73.4,0,0,0
2025-02-14,7,30.2,35.4,1.51,17.1,77.4,164.3,0.29,0.049
2025-02-14,8,31.5,28.3,3.13,3.2,83.1,343.8,0.603,0
2025-02-14,9,32.7,39.7,3.93,5.8,39.5,426.0,0.743,0
2025-02-14,10,33.6,1.6,6.84,14.8,79.1,768.9,1.336,0.885
2025-02-14,11,34.3,23.7,6.32,21.3,31.5,698.0,1.21,0
2025-02-14,12,34.8,1.9,7.88,9.2,49.7,885.8,1.532,1.509
2025-02-14,13,34.9,0,7.73,10.3,54.2,869.3,1.503,1.496
2025-02-14,14,34.8,32.5,5.19,15.6,75.5,568.0,0.983,0.977
2025-02-14,15,34.3,27.0,4.48,15.9,44.3,493.4,0.855,0.826
2025-02-14,16,33.6,0,4.0,20.8,78.0,450.0,0.782,0
2025-02-14,17,32.7,35.8,1.5,15.6,42.0,163.5,0.285,0
2025-02-14,18,31.5,22.5,0.0,8.2,56.5,0.0,0.0,0
2025-02-14,19,30.2,35.3,0,13.5,72.6,0,0,0
2025-02-14,20,28.9,40.2,0,11.3,81.5,0,0,0
2025-02-14,21,25.9,12.3,0,16.9,68.0,0,0,0
2025-02-14,22,25.9,67.6,0,14.7,57.7,0,0,0
2025-02-14,23,25.9,1.1,0,17.2,58.5,0,0,0
2025-02-15,0,26.1,47.0,0,15.7,63.5,0,0,0
2025-02-15,1,26.1,54.3,0,12.9,44.5,0,0,0
2025-02-15,2,26.1,11.6,0,6.5,61.3,0,0,0
2025-02-15,3,26.1,35.0,0,17.5,68.3,0,0,0
2025-02-15,4,26.1,23.9,0,17.2,31.4,0,0,0
2025-02-15,5,26.1,18.4,0,11.4,44.5,0,0,0
2025-02-15,6,29.1,5.4,0,6.1,30.7,0,0,0
2025-02-15,7,30.5,0,2.07,9.2,75.5,232.9,0.41,0.019
2025-02-15,8,31.7,32.9,2.99,15.0,58.8,326.7,0.572,0
2025-02-15,9,32.9,0,5.66,20.6,48.2,636.4,1.109,0.644
2025-02-15,10,33.8,12.2,6.28,19.3,74.3,700.0,1.216,1.082
2025-02-15,11,34.5,34.4,5.68,17.7,60.5,620.2,1.074,0.847
2025-02-15,12,35.0,62.2,4.17,7.7,45.3,433.1,0.748,0.569
2025-02-15,13,35.1,28.2,6.05,5.9,54.2,665.3,1.149,0.605
2025-02-15,14,35.0,19.8,5.87,6.0,56.1,650.5,1.124,1.019
2025-02-15,15,34.5,15.6,4.98,7.6,66.2,553.4,0.958,0.579
2025-02-15,16,33.8,18.1,3.44,8.9,47.9,382.3,0.664,0
2025-02-15,17,32.9,45.7,1.34,12.6,40.7,144.2,0.251,0
2025-02-15,18,31.7,66.9,0.0,6.9,49.8,0.0,0.0,0
2025-02-15,19,30.5,18.6,0,9.4,45.8,0,0,0
2025-02-15,20,29.1,68.5,0,10.7,66.6,0,0,0
2025-02-15,21,26.1,41.2,0,11.4,60.4,0,0,0
2025-02-15,22,26.1,27.8,0,6.7,67.9,0,0,0
2025-02-15,23,26.1,35.3,0,13.6,53.9,0,0,0
2025-02-16,0,22.8,14.3,0,13.5,58.6,0,0,0
2025-02-16,1,22.8,0,0,10.1,59.5,0,0,0
2025-02-16,2,22.8,35.8,0,7.9,61.1,0,0,0
2025-02-16,3,22.8,27.4,0,25.3,63.6,0,0,0
2025-02-16,4,22.8,35.4,0,20.4,34.6,0,0,0
2025-02-16,5,22.8,51.2,0,10.2,51.0,0,0,0
2025-02-16,6,25.8,46.7,0,11.7,47.1,0,0,0
2025-02-16,7,27.1,34.2,1.53,11.4,60.3,166.6,0.297,0
2025-02-16,8,28.4,8.2,3.75,11.8,71.9,419.1,0.744,0
2025-02-16,9,29.5,48.4,3.55,19.9,51.0,379.8,0.671,0
2025-02-16,10,30.5,36.1,5.0,10.2,63.1,544.9,0.959,0.331
2025-02-16,11,31.2,42.4,5.21,3.0,53.1,562.5,0.987,0
2025-02-16,12,31.7,23.7,6.54,3.6,35.1,722.3,1.266,0
2025-02-16,13,31.8,6.9,7.32,20.6,59.9,819.2,1.435,0.886
2025-02-16,14,31.7,10.7,6.36,8.7,64.9,709.8,1.244,0.677
2025-02-16,15,31.2,36.0,4.09,14.3,68.0,445.2,0.781,0
2025-02-16,16,30.5,13.9,3.57,18.4,38.6,397.8,0.7,0.333
2025-02-16,17,29.5,56.6,1.17,7.6,79.2,123.1,0.217,0
2025-02-16,18,28.4,23.1,0.0,13.5,44.4,0.0,0.0,0
2025-02-16,19,27.1,0,0,18.5,67.5,0,0,0
2025-02-16,20,25.8,43.5,0,14.0,42.5,0,0,0
2025-02-16,21,22.8,48.7,0,3.6,77.7,0,0,0
2025-02-16,22,22.8,61.2,0,8.8,35.5,0,0,0
2025-02-16,23,22.8,42.3,0,7.4,41.9,0,0,0
2025-02-17,0,23.3,33.1,0,2.1,58.1,0,0,0
2025-02-17,1,23.3,42.8,0,15.6,62.9,0,0,0
2025-02-17,2,23.3,29.1,0,8.6,60.1,0,0,0
2025-02-17,3,23.3,28.2,0,13.8,70.8,0,0,0
2025-02-17,4,23.3,41.1,0,0.3,47.2,0,0,0
2025-02-17,5,23.3,51.3,0,1.5,60.9,0,0,0
2025-02-17,6,26.3,9.7,0,21.4,48.6,0,0,0
2025-02-17,7,27.6,20.8,1.74,14.9,39.1,192.6,0.343,0
2025-02-17,8,28.9,0,4.0,17.2,49.8,450.0,0.797,0.253
2025-02-17,9,30.0,13.2,5.08,3.8,83.7,566.3,0.999,0
2025-02-17,10,31.0,56.4,3.92,19.8,74.6,413.2,0.726,0.077
2025-02-17,11,31.7,30.8,5.9,10.9,39.4,646.1,1.132,0.993
2025-02-17,12,32.1,0,8.0,10.6,58.4,900.0,1.574,1.241
2025-02-17,13,32.3,6.8,7.32,11.7,30,820.3,1.434,1.105
2025-02-17,14,32.1,71.4,3.12,1.5,41.6,315.7,0.552,0
2025-02-17,15,31.7,32.9,4.22,15.0,50.7,461.7,0.809,0.356
2025-02-17,16,31.0,9.5,3.71,19.1,62.3,414.3,0.728,0
2025-02-17,17,30.0,48.2,1.3,10.6,47.7,139.4,0.246,0
2025-02-17,18,28.9,50.7,0.0,12.0,57.7,0.0,0.0,0
2025-02-17,19,27.6,12.8,0,4.0,47.0,0,0,0
2025-02-17,20,26.3,0,0,20.7,55.9,0,0,0
2025-02-17,21,23.3,29.2,0,20.6,35.8,0,0,0
2025-02-17,22,23.3,0,0,11.2,47.2,0,0,0
2025-02-17,23,23.3,20.9,0,13.7,40.1,0,0,0
2025-02-18,0,22.7,41.0,0,6.7,63.6,0,0,0
2025-02-18,1,22.7,26.8,0,12.3,42.2,0,0,0
2025-02-18,2,22.7,51.8,0,12.3,66.5,0,0,0
2025-02-18,3,22.7,37.3,0,18.1,63.3,0,0,0
2025-02-18,4,22.7,17.4,0,10.5,30.5,0,0,0
2025-02-18,5,22.7,21.1,0,8.1,73.0,0,0,0
2025-02-18,6,25.7,0,0,17.1,49.4,0,0,0
2025-02-18,7,27.1,57.3,1.16,15.8,51.4,121.6,0.217,0
2025-02-18,8,28.4,15.1,3.54,0.8,30,393.6,0.699,0.195
2025-02-18,9,29.5,26.6,4.5,8.3,57.8,495.5,0.876,0.261
2025-02-18,10,30.4,36.3,5.0,8.9,46.4,544.0,0.958,0.715
2025-02-18,11,31.2,26.7,6.14,14.1,59.6,676.2,1.187,0.43
2025-02-18,12,31.6,41.3,5.46,14.3,70.7,590.1,1.034,0.374
2025-02-18,13,31.7,47.8,4.89,11.0,70.9,523.4,0.917,0.62
2025-02-18,14,31.6,17.3,6.0,9.7,50.4,666.9,1.169,0.915
2025-02-18,15,31.2,52.9,3.36,15.5,69.9,356.1,0.625,0.094
2025-02-18,16,30.4,20.8,3.36,7.8,61.3,371.9,0.655,0
2025-02-18,17,29.5,16.1,1.81,13.8,67.9,201.8,0.357,0.347
2025-02-18,18,28.4,5.4,0.0,16.7,35.4,0.0,0.0,0
2025-02-18,19,27.1,0,0,3.8,42.0,0,0,0
2025-02-18,20,25.7,37.3,0,5.1,47.6,0,0,0
2025-02-18,21,22.7,35.6,0,11.1,35.5,0,0,0
2025-02-18,22,22.7,54.2,0,5.7,42.9,0,0,0
2025-02-18,23,22.7,48.8,0,9.9,47.2,0,0,0
2025-02-19,0,23.6,53.7,0,6.6,68.1,0,0,0
2025-02-19,1,23.6,28.0,0,7.2,55.4,0,0,0
2025-02-19,2,23.6,10.5,0,17.0,74.3,0,0,0
2025-02-19,3,23.6,12.7,0,9.5,67.9,0,0,0
2025-02-19,4,23.6,28.5,0,8.2,44.8,0,0,0
2025-02-19,5,23.6,39.4,0,17.3,45.3,0,0,0
2025-02-19,6,26.6,6.6,0,20.1,67.3,0,0,0
2025-02-19,7,28.0,50.9,1.26,12.6,59.9,134.2,0.239,0
2025-02-19,8,29.3,33.7,2.96,14.9,66.0,323.7,0.573,0
2025-02-19,9,30.4,30.5,4.33,10.0,30,474.4,0.836,0
2025-02-19,10,31.3,0,6.93,8.5,83.9,779.4,1.367,0.716
2025-02-19,11,32.1,49.3,4.8,14.9,78.3,512.2,0.896,0
2025-02-19,12,32.5,18.3,6.87,13.5,72.5,762.5,1.331,0.436
2025-02-19,13,32.6,1.0,7.67,13.4,54.4,861.9,1.504,1.42
2025-02-19,14,32.5,28.0,5.44,12.7,49.5,597.7,1.044,0.875
2025-02-19,15,32.1,0,5.66,13.7,63.1,636.4,1.113,0.199
2025-02-19,16,31.3,0.3,3.99,0.3,30,449.0,0.788,0.136
2025-02-19,17,30.4,67.7,0.99,9.0,62.3,101.5,0.179,0
2025-02-19,18,29.3,89.2,0.0,9.4,52.5,0.0,0.0,0
2025-02-19,19,28.0,13.1,0,14.7,66.4,0,0,0
2025-02-19,20,26.6,47.9,0,14.2,53.3,0,0,0
2025-02-19,21,23.6,20.3,0,13.7,36.0,0,0,0
2025-02-19,22,23.6,44.9,0,7.4,47.2,0,0,0
2025-02-19,23,23.6,42.2,0,19.0,30,0,0,0
2025-02-20,0,23.8,34.7,0,6.3,70.4,0,0,0
2025-02-20,1,23.8,36.3,0,3.7,53.4,0,0,0
2025-02-20,2,23.8,24.8,0,5.6,66.5,0,0,0
2025-02-20,3,23.8,22.2,0,6.9,90,0,0,0
2025-02-20,4,23.8,12.6,0,8.7,46.3,0,0,0
2025-02-20,5,23.8,19.9,0,22.7,61.9,0,0,0
2025-02-20,6,26.8,0,0,19.6,53.7,0,0,0
2025-02-20,7,28.1,25.7,1.66,8.1,48.2,183.0,0.325,0
2025-02-20,8,29.4,17.5,3.46,8.0,55.9,384.5,0.68,0
2025-02-20,9,30.5,65.0,2.83,17.7,55.4,291.6,0.513,0
2025-02-20,10,31.5,13.6,6.2,2.2,40.5,690.8,1.211,0.331
2025-02-20,11,32.2,0,7.73,17.1,77.2,869.3,1.52,1.366
2025-02-20,12,32.6,43.1,5.35,11.6,62.3,577.0,1.007,0
2025-02-20,13,32.8,0,7.73,14.9,54.0,869.3,1.516,0.543
2025-02-20,14,32.6,57.4,3.87,16.8,65.1,406.9,0.71,0
2025-02-20,15,32.2,31.4,4.29,19.1,52.5,469.6,0.821,0
2025-02-20,16,31.5,43.9,2.65,28.4,36.6,285.2,0.5,0
2025-02-20,17,30.5,0,2.07,8.0,55.9,232.9,0.41,0
2025-02-20,18,29.4,3.0,0.0,2.0,76.3,0.0,0.0,0
2025-02-20,19,28.1,49.4,0,17.6,68.9,0,0,0
2025-02-20,20,26.8,48.8,0,18.2,53.6,0,0,0
2025-02-20,21,23.8,44.3,0,17.2,46.9,0,0,0
2025-02-20,22,23.8,35.6,0,17.6,58.5,0,0,0
2025-02-20,23,23.8,50.2,0,3.5,71.4,0,0,0
2025-02-21,0,23.6,18.7,0,4.1,35.7,0,0,0
2025-02-21,1,23.6,63.7,0,18.0,75.8,0,0,0
2025-02-21,2,23.6,34.2,0,17.4,50.4,0,0,0
2025-02-21,3,23.6,35.2,0,3.3,59.3,0,0,0
2025-02-21,4,23.6,37.1,0,10.2,72.2,0,0,0
2025-02-21,5,23.6,9.7,0,12.9,34.0,0,0,0
2025-02-21,6,26.6,38.3,0,7.7,82.1,0,0,0
2025-02-21,7,27.9,50.6,1.26,8.6,32.4,134.6,0.24,0
2025-02-21,8,29.2,0,4.0,14.1,88.0,450.0,0.797,0.556
2025-02-21,9,30.3,14.3,5.04,9.4,37.6,560.7,0.988,0.38
2025-02-21,10,31.3,30.4,5.31,14.4,37.8,582.2,1.022,0.62
2025-02-21,11,32.0,29.3,5.98,7.7,69.1,656.9,1.149,0.006
2025-02-21,12,32.4,14.9,7.08,10.4,65.8,788.0,1.376,0
2025-02-21,13,32.6,12.4,6.99,14.7,54.1,779.3,1.36,0.487
2025-02-21,14,32.4,44.3,4.57,11.0,42.6,491.7,0.859,0.816
2025-02-21,15,32.0,19.9,4.79,12.7,62.4,530.9,0.929,0.503
2025-02-21,16,31.3,7.3,3.77,7.3,76.6,422.5,0.742,0.199
2025-02-21,17,30.3,15.3,1.83,18.7,48.4,203.3,0.358,0
2025-02-21,18,29.2,44.3,0.0,6.3,41.9,0.0,0.0,0
2025-02-21,19,27.9,46.0,0,15.7,52.8,0,0,0
2025-02-21,20,26.6,27.6,0,12.3,45.4,0,0,0
2025-02-21,21,23.6,20.5,0,19.0,74.3,0,0,0
2025-02-21,22,23.6,6.6,0,1.5,77.6,0,0,0
2025-02-21,23,23.6,23.5,0,13.6,55.1,0,0,0
2025-02-22,0,24.9,21.7,0,11.4,54.2,0,0,0
2025-02-22,1,24.9,46.8,0,8.2,56.1,0,0,0
2025-02-22,2,24.9,22.1,0,16.1,80.6,0,0,0
2025-02-22,3,24.9,39.4,0,10.4,68.2,0,0,0
2025-02-22,4,24.9,8.6,0,17.0,51.8,0,0,0
2025-02-22,5,24.9,59.4,0,15.9,62.2,0,0,0
2025-02-22,6,27.9,23.9,0,11.6,63.4,0,0,0
2025-02-22,7,29.2,0,2.07,1.5,90,232.9,0.412,0
2025-02-22,8,30.5,22.6,3.31,10.3,47.7,365.3,0.643,0
2025-02-22,9,31.6,7.1,5.35,10.5,64.3,598.7,1.049,0.837
2025-02-22,10,32.6,16.0,6.08,13.6,62.2,675.6,1.179,0.296
2025-02-22,11,33.3,28.7,6.02,9.2,35.4,661.3,1.151,0.31
2025-02-22,12,33.7,24.5,6.49,6.7,64.8,716.0,1.244,1.221
2025-02-22,13,33.9,44.6,5.08,13.9,57.1,546.4,0.949,0.586
2025-02-22,14,33.7,58.5,3.81,13.7,45.0,399.3,0.694,0.555
2025-02-22,15,33.3,5.4,5.42,12.7,41.9,607.8,1.058,0.725
2025-02-22,16,32.6,54.2,2.33,7.4,30.1,246.6,0.43,0
2025-02-22,17,31.6,0,2.07,11.8,47.5,232.9,0.408,0.304
2025-02-22,18,30.5,17.3,0.0,15.9,61.6,0.0,0.0,0
2025-02-22,19,29.2,12.5,0,7.8,48.5,0,0,0
2025-02-22,20,27.9,47.4,0,12.1,63.7,0,0,0
2025-02-22,21,24.9,5.3,0,21.8,50.7,0,0,0
2025-02-22,22,24.9,4.6,0,14.5,57.2,0,0,0
2025-02-22,23,24.9,18.0,0,9.7,51.3,0,0,0
2025-02-23,0,22.7,20.2,0,14.0,53.9,0,0,0
2025-02-23,1,22.7,0,0,15.7,74.4,0,0,0
2025-02-23,2,22.7,20.4,0,10.1,56.0,0,0,0
2025-02-23,3,22.7,24.0,0,9.3,60.9,0,0,0
2025-02-23,4,22.7,0.6,0,2.7,49.0,0,0,0
2025-02-23,5,22.7,38.5,0,12.9,70.0,0,0,0
2025-02-23,6,25.7,14.4,0,13.2,72.0,0,0,0
2025-02-23,7,27.1,35.7,1.5,14.0,51.7,163.6,0.292,0
2025-02-23,8,28.4,11.9,3.63,12.2,46.5,405.4,0.72,0
2025-02-23,9,29.5,4.5,5.46,9.0,88.8,612.5,1.083,0
2025-02-23,10,30.4,14.1,6.18,12.5,47.2,687.8,1.211,0.182
2025-02-23,11,31.2,26.1,6.18,9.9,36.4,680.5,1.195,0
2025-02-23,12,31.6,55.4,4.59,14.2,57.3,484.3,0.849,0.366
2025-02-23,13,31.7,15.7,6.79,18.2,61.6,755.5,1.323,0.238
2025-02-23,14,31.6,7.2,6.54,18.3,39.2,732.7,1.284,0.869
2025-02-23,15,31.2,48.5,3.55,17.3,52.8,379.4,0.666,0.661
2025-02-23,16,30.4,52.0,2.4,16.4,69.1,254.9,0.449,0.216
2025-02-23,17,29.5,3.6,2.01,17.5,37.8,225.9,0.399,0.226
2025-02-23,18,28.4,3.2,0.0,17.1,59.4,0.0,0.0,0
2025-02-23,19,27.1,25.1,0,23.8,30,0,0,0
2025-02-23,20,25.7,54.5,0,7.2,68.2,0,0,0
2025-02-23,21,22.7,5.0,0,4.5,30,0,0,0
2025-02-23,22,22.7,33.0,0,17.7,41.5,0,0,0
2025-02-23,23,22.7,26.9,0,5.4,53.7,0,0,0
2025-02-24,0,22.9,48.3,0,6.8,54.6,0,0,0
2025-02-24,1,22.9,34.7,0,17.7,50.9,0,0,0
2025-02-24,2,22.9,58.8,0,13.2,37.2,0,0,0
2025-02-24,3,22.9,46.4,0,9.3,46.2,0,0,0
2025-02-24,4,22.9,36.7,0,9.6,30,0,0,0
2025-02-24,5,22.9,23.4,0,8.6,41.5,0,0,0
2025-02-24,6,25.9,30.6,0,6.7,74.4,0,0,0
2025-02-24,7,27.2,28.9,1.61,15.5,59.7,176.9,0.316,0
2025-02-24,8,28.5,0,4.0,6.9,37.7,450.0,0.799,0.39
2025-02-24,9,29.7,42.5,3.81,13.8,90,410.7,0.726,0
2025-02-24,10,30.6,35.3,5.05,5.7,30,550.0,0.968,0
2025-02-24,11,31.3,27.4,6.1,16.5,75.7,671.2,1.178,0.072
2025-02-24,12,31.8,47.5,5.08,7.2,56.1,544.0,0.953,0.548
2025-02-24,13,31.9,0,7.73,12.6,78.1,869.3,1.522,0.221
2025-02-24,14,31.8,1.2,6.86,7.1,60.8,771.3,1.351,0.88
2025-02-24,15,31.3,37.6,4.02,11.5,61.7,437.2,0.767,0
2025-02-24,16,30.6,38.6,2.81,14.7,44.2,305.3,0.537,0
2025-02-24,17,29.7,41.3,1.41,8.7,64.2,152.7,0.27,0
2025-02-24,18,28.5,57.2,0.0,19.9,77.1,0.0,0.0,0
2025-02-24,19,27.2,3.5,0,16.0,54.9,0,0,0
2025-02-24,20,25.9,29.0,0,11.5,56.5,0,0,0
2025-02-24,21,22.9,26.3,0,7.5,46.0,0,0,0
2025-02-24,22,22.9,0,0,19.4,57.9,0,0,0
2025-02-24,23,22.9,21.4,0,15.2,75.2,0,0,0
2025-02-25,0,19.9,2.6,0,8.6,53.2,0,0,0
2025-02-25,1,19.9,29.9,0,7.8,39.0,0,0,0
2025-02-25,2,19.9,34.9,0,14.4,49.1,0,0,0
2025-02-25,3,19.9,44.2,0,14.0,50.7,0,0,0
2025-02-25,4,19.9,27.4,0,21.8,55.8,0,0,0
2025-02-25,5,19.9,51.6,0,20.7,61.3,0,0,0
2025-02-25,6,22.9,20.8,0,20.6,30,0,0,0
2025-02-25,7,24.3,32.7,1.55,9.4,62.4,169.5,0.305,0
2025-02-25,8,25.5,31.7,3.02,2.5,40.8,331.1,0.595,0
2025-02-25,9,26.7,19.1,4.83,15.1,62.1,535.2,0.957,0
2025-02-25,10,27.6,0,6.93,17.8,69.0,779.4,1.388,1.069
2025-02-25,11,28.3,37.0,5.53,14.2,55.1,601.0,1.067,0.931
2025-02-25,12,28.8,10.5,7.35,15.9,42.6,821.0,1.455,0.402
2025-02-25,13,28.9,24.2,6.29,2.1,50.7,694.1,1.23,0.976
2025-02-25,14,28.8,1.7,6.84,11.6,34.3,768.3,1.362,1.048
2025-02-25,15,28.3,53.7,3.32,15.4,45.2,351.8,0.625,0.122
2025-02-25,16,27.6,5.7,3.83,7.7,53.7,428.7,0.764,0
2025-02-25,17,26.7,33.2,1.54,10.3,60.4,168.5,0.301,0
2025-02-25,18,25.5,7.5,0.0,11.1,41.3,0.0,0.0,0
2025-02-25,19,24.3,59.0,0,1.1,73.7,0,0,0
2025-02-25,20,22.9,15.3,0,13.7,43.4,0,0,0
2025-02-25,21,19.9,0,0,9.0,61.1,0,0,0
2025-02-25,22,19.9,0,0,14.5,37.8,0,0,0
2025-02-25,23,19.9,48.0,0,14.4,90,0,0,0
2025-02-26,0,22.4,4.1,0,8.7,56.7,0,0,0
2025-02-26,1,22.4,6.2,0,5.9,53.8,0,0,0
2025-02-26,2,22.4,53.7,0,9.7,49.0,0,0,0
2025-02-26,3,22.4,15.1,0,17.8,66.5,0,0,0
2025-02-26,4,22.4,42.1,0,14.8,64.7,0,0,0
2025-02-26,5,22.4,0,0,10.0,58.7,0,0,0
2025-02-26,6,25.4,0,0,3.2,65.0,0,0,0
2025-02-26,7,26.8,25.4,1.67,7.2,30,183.7,0.328,0
2025-02-26,8,28.0,41.8,2.71,10.6,49.2,293.1,0.521,0
2025-02-26,9,29.2,70.6,2.58,14.4,78.8,261.9,0.464,0.063
2025-02-26,10,30.1,19.4,5.9,13.8,47.3,653.7,1.153,0
2025-02-26,11,30.8,21.5,6.45,11.9,67.5,713.8,1.255,0.01
2025-02-26,12,31.3,11.3,7.3,9.7,37.9,815.3,1.431,0.137
2025-02-26,13,31.4,37.4,5.5,22.2,53.2,598.1,1.049,0.544
2025-02-26,14,31.3,28.9,5.39,13.8,57.3,591.7,1.038,0.102
2025-02-26,15,30.8,33.6,4.2,14.0,51.8,458.4,0.806,0
2025-02-26,16,30.1,40.6,2.75,20.4,38.0,297.8,0.525,0
2025-02-26,17,29.2,0,2.07,15.3,48.4,232.9,0.412,0
2025-02-26,18,28.0,69.8,0.0,11.6,44.3,0.0,0.0,0
2025-02-26,19,26.8,47.6,0,9.1,32.3,0,0,0
2025-02-26,20,25.4,0,0,10.3,39.1,0,0,0
2025-02-26,21,22.4,12.3,0,12.9,66.7,0,0,0
2025-02-26,22,22.4,20.6,0,13.8,45.1,0,0,0
2025-02-26,23,22.4,13.7,0,14.2,62.6,0,0,0
2025-02-27,0,28.4,1.5,0,11.6,79.8,0,0,0
2025-02-27,1,28.4,30.6,0,15.3,45.1,0,0,0
2025-02-27,2,28.4,6.3,0,18.6,46.6,0,0,0
2025-02-27,3,28.4,7.9,0,18.3,82.7,0,0,0
2025-02-27,4,28.4,0,0,11.6,62.7,0,0,0
2025-02-27,5,28.4,55.3,0,12.9,48.8,0,0,0
2025-02-27,6,31.4,9.9,0,7.7,40.9,0,0,0
2025-02-27,7,32.8,43.4,1.38,11.7,55.4,148.7,0.259,0
2025-02-27,8,34.0,24.1,3.26,21.4,35.7,359.7,0.624,0
2025-02-27,9,35.2,16.3,4.95,18.1,73.4,550.1,0.95,0.512
2025-02-27,10,36.1,47.9,4.38,5.3,43.0,468.5,0.806,0.151
2025-02-27,11,36.8,0,7.73,6.3,30,869.3,1.491,1.207
2025-02-27,12,37.3,41.6,5.44,15.0,46.5,587.9,1.006,0.674
2025-02-27,13,37.4,24.3,6.28,15.3,43.9,693.2,1.186,0.963
2025-02-27,14,37.3,35.7,5.02,18.0,61.3,547.3,0.937,0.13
2025-02-27,15,36.8,46.1,3.65,6.5,61.6,391.9,0.672,0
2025-02-27,16,36.1,70.9,1.82,13.2,56.3,184.3,0.317,0
2025-02-27,17,35.2,30.3,1.59,6.4,47.1,174.1,0.301,0
2025-02-27,18,34.0,28.3,0.0,7.8,53.4,0.0,0.0,0
2025-02-27,19,32.8,10.8,0,9.1,43.4,0,0,0
2025-02-27,20,31.4,51.3,0,14.9,51.9,0,0,0
2025-02-27,21,28.4,14.2,0,11.8,48.1,0,0,0
2025-02-27,22,28.4,29.4,0,10.8,55.1,0,0,0
2025-02-27,23,28.4,33.4,0,17.0,64.0,0,0,0
2025-02-28,0,23.0,46.2,0,5.9,74.1,0,0,0
2025-02-28,1,23.0,35.7,0,14.3,68.4,0,0,0
2025-02-28,2,23.0,25.9,0,9.2,30.3,0,0,0
2025-02-28,3,23.0,26.4,0,13.3,55.7,0,0,0
2025-02-28,4,23.0,4.4,0,8.6,63.1,0,0,0
2025-02-28,5,23.0,47.7,0,10.1,40.0,0,0,0
2025-02-28,6,26.0,32.8,0,14.8,40.1,0,0,0
2025-02-28,7,27.3,0,2.07,17.8,36.5,232.9,0.415,0
2025-02-28,8,28.6,41.1,2.73,5.7,59.7,295.8,0.525,0.157
2025-02-28,9,29.7,0,5.66,8.5,67.6,636.4,1.124,0
2025-02-28,10,30.6,34.2,5.1,12.8,54.7,557.1,0.98,0.039
2025-02-28,11,31.4,0,7.73,4.9,47.2,869.3,1.525,1.075
2025-02-28,12,31.8,27.0,6.34,10.1,31.4,697.6,1.222,0.915
2025-02-28,13,32.0,6.7,7.33,6.3,53.3,820.6,1.436,0.774
2025-02-28,14,31.8,21.5,5.78,8.9,73.0,639.9,1.121,0.616
2025-02-28,15,31.4,45.6,3.67,17.4,48.9,394.3,0.692,0.233
2025-02-28,16,30.6,59.4,2.17,3.3,47.3,227.2,0.4,0.227
2025-02-28,17,29.7,24.1,1.69,10.1,58.1,186.1,0.329,0
2025-02-28,18,28.6,23.2,0.0,9.9,61.9,0.0,0.0,0
2025-02-28,19,27.3,4.3,0,12.0,68.1,0,0,0
2025-02-28,20,26.0,41.9,0,16.8,52.0,0,0,0
2025-02-28,21,23.0,32.2,0,25.0,45.6,0,0,0
2025-02-28,22,23.0,51.0,0,5.4,70.7,0,0,0
2025-02-28,23,23.0,29.5,0,12.9,30,0,0,0
2025-03-01,0,25.0,0,0,15.1,53.6,0,0,0
2025-03-01,1,25.0,36.4,0,1.5,71.0,0,0,0
2025-03-01,2,25.0,26.9,0,18.4,51.6,0,0,0
2025-03-01,3,25.0,27.6,0,15.7,48.6,0,0,0
2025-03-01,4,25.0,23.2,0,10.3,61.4,0,0,0
2025-03-01,5,25.0,20.6,0,11.8,52.1,0,0,0
2025-03-01,6,28.0,40.8,0,16.0,63.5,0,0,0
2025-03-01,7,29.3,26.1,1.65,13.9,58.2,182.2,0.322,0.03
2025-03-01,8,30.6,14.2,3.56,11.7,61.7,396.7,0.698,0.32
2025-03-01,9,31.7,6.3,5.38,12.5,83.7,603.2,1.056,0.986
2025-03-01,10,32.7,24.6,5.62,9.7,69.4,619.9,1.082,0.186
2025-03-01,11,33.4,18.0,6.66,13.5,49.8,738.9,1.285,1.189
2025-03-01,12,33.9,15.8,7.03,5.8,52.8,781.8,1.357,0.612
2025-03-01,13,34.0,9.1,7.18,14.1,69.8,803.2,1.394,0.972
2025-03-01,14,33.9,10.5,6.37,9.8,51.7,711.1,1.235,1.107
2025-03-01,15,33.4,53.3,3.34,13.8,38.3,353.5,0.615,0.272
2025-03-01,16,32.7,42.9,2.68,15.9,31.1,289.1,0.504,0
2025-03-01,17,31.7,24.2,1.68,3.0,71.6,185.9,0.326,0
2025-03-01,18,30.6,66.9,0.0,10.7,90,0.0,0.0,0
2025-03-01,19,29.3,22.1,0,14.7,36.0,0,0,0
2025-03-01,20,28.0,53.9,0,11.9,62.0,0,0,0
2025-03-01,21,25.0,1.2,0,14.0,47.9,0,0,0
2025-03-01,22,25.0,15.2,0,9.8,31.9,0,0,0
2025-03-01,23,25.0,32.4,0,10.7,49.0,0,0,0
2025-03-02,0,22.0,0.4,0,15.1,57.6,0,0,0
2025-03-02,1,22.0,8.7,0,15.3,38.7,0,0,0
2025-03-02,2,22.0,46.9,0,9.0,42.7,0,0,0
2025-03-02,3,22.0,12.2,0,11.7,90,0,0,0
2025-03-02,4,22.0,8.8,0,17.6,54.2,0,0,0
2025-03-02,5,22.0,26.9,0,20.2,47.3,0,0,0
2025-03-02,6,25.0,0,0,14.9,46.9,0,0,0
2025-03-02,7,26.3,7.9,1.94,12.7,36.8,217.6,0.39,0
2025-03-02,8,27.6,51.3,2.42,16.2,36.5,257.4,0.459,0.204
2025-03-02,9,28.7,39.5,3.94,17.4,58.2,427.1,0.757,0.603
2025-03-02,10,29.7,42.6,4.66,16.5,74.7,502.7,0.888,0.553
2025-03-02,11,30.4,35.3,5.63,8.4,62.4,613.5,1.08,0.679
2025-03-02,12,30.8,11.2,7.31,11.4,56.4,816.1,1.435,0.782
2025-03-02,13,31.0,22.7,6.38,12.5,64.4,705.1,1.239,1.238
2025-03-02,14,30.8,10.2,6.39,15.5,52.3,713.3,1.254,0.875
2025-03-02,15,30.4,34.1,4.18,12.3,50.0,455.8,0.803,0.047
2025-03-02,16,29.7,0,4.0,12.1,67.3,450.0,0.795,0
2025-03-02,17,28.7,0,2.07,22.9,60.9,232.9,0.413,0
2025-03-02,18,27.6,18.3,0.0,19.8,58.1,0.0,0.0,0
2025-03-02,19,26.3,16.5,0,6.0,58.3,0,0,0
2025-03-02,20,25.0,14.3,0,11.5,70.1,0,0,0
2025-03-02,21,22.0,18.2,0,5.7,58.9,0,0,0
2025-03-02,22,22.0,0,0,20.1,42.1,0,0,0
2025-03-02,23,22.0,3.9,0,22.2,50.2,0,0,0
2025-03-03,0,24.6,12.5,0,0.9,41.5,0,0,0
2025-03-03,1,24.6,1.6,0,12.9,39.0,0,0,0
2025-03-03,2,24.6,26.1,0,7.6,71.1,0,0,0
2025-03-03,3,24.6,42.7,0,12.1,77.8,0,0,0
2025-03-03,4,24.6,32.5,0,13.9,41.5,0,0,0
2025-03-03,5,24.6,25.8,0,17.4,54.7,0,0,0
2025-03-03,6,27.6,16.6,0,9.7,64.1,0,0,0
2025-03-03,7,28.9,22.8,1.71,11.1,55.8,188.6,0.334,0
2025-03-03,8,30.2,0,4.0,18.5,30,450.0,0.793,0
2025-03-03,9,31.3,45.1,3.69,8.8,49.3,397.2,0.697,0.24
2025-03-03,10,32.2,5.0,6.66,12.3,44.1,747.1,1.306,0.821
2025-03-03,11,33.0,6.2,7.36,1.2,30,824.5,1.437,1.133
2025-03-03,12,33.4,23.4,6.56,12.7,59.2,724.5,1.26,0.626
2025-03-03,13,33.6,28.8,6.02,16.0,35.1,661.0,1.149,0
2025-03-03,14,33.4,38.8,4.86,6.3,52.9,527.4,0.917,0.342
2025-03-03,15,33.0,23.5,4.64,11.5,75.8,512.0,0.892,0.794
2025-03-03,16,32.2,6.3,3.81,10.7,39.7,426.5,0.745,0.592
2025-03-03,17,31.3,26.0,1.66,11.0,30,182.4,0.32,0
2025-03-03,18,30.2,45.2,0.0,16.5,85.4,0.0,0.0,0
2025-03-03,19,28.9,0,0,21.8,63.7,0,0,0
2025-03-03,20,27.6,17.5,0,23.1,69.7,0,0,0
2025-03-03,21,24.6,0,0,7.7,48.2,0,0,0
2025-03-03,22,24.6,27.0,0,5.1,45.8,0,0,0
2025-03-03,23,24.6,46.8,0,1.9,41.5,0,0,0
2025-03-04,0,24.4,24.8,0,5.9,59.7,0,0,0
2025-03-04,1,24.4,52.4,0,10.6,33.9,0,0,0
2025-03-04,2,24.4,28.9,0,8.6,30,0,0,0
2025-03-04,3,24.4,7.5,0,21.2,79.7,0,0,0
2025-03-04,4,24.4,37.9,0,6.6,33.4,0,0,0
2025-03-04,5,24.4,14.5,0,14.4,49.8,0,0,0
2025-03-04,6,27.4,1.4,0,9.0,72.7,0,0,0
2025-03-04,7,28.8,34.0,1.53,0.1,55.3,167.0,0.296,0
2025-03-04,8,30.0,49.1,2.49,6.9,77.3,265.9,0.469,0.207
2025-03-04,9,31.2,0,5.66,8.9,57.7,636.4,1.117,0.711
2025-03-04,10,32.1,23.5,5.68,0.3,56.5,627.0,1.096,0.851
2025-03-04,11,32.9,35.9,5.6,7.8,30,609.5,1.063,0.967
2025-03-04,12,33.3,11.4,7.3,10.6,62.7,814.3,1.417,1.216
2025-03-04,13,33.4,14.7,6.85,19.3,48.3,762.6,1.326,0.124
2025-03-04,14,33.3,20.1,5.86,9.2,54.6,649.1,1.13,0
2025-03-04,15,32.9,31.0,4.31,8.8,80.4,471.9,0.823,0.479
2025-03-04,16,32.1,11.5,3.65,22.0,55.2,406.9,0.712,0
2025-03-04,17,31.2,52.9,1.23,16.9,58.1,130.3,0.229,0
2025-03-04,18,30.0,0,0.0,16.4,53.7,0.0,0.0,0
2025-03-04,19,28.8,40.3,0,9.9,45.8,0,0,0
2025-03-04,20,27.4,0,0,8.3,50.1,0,0,0
2025-03-04,21,24.4,14.6,0,11.3,75.0,0,0,0
2025-03-04,22,24.4,0,0,9.6,33.8,0,0,0
2025-03-04,23,24.4,31.1,0,3.6,52.6,0,0,0
2025-03-05,0,24.9,28.0,0,6.4,58.5,0,0,0
2025-03-05,1,24.9,14.2,0,6.0,80.1,0,0,0
2025-03-05,2,24.9,54.9,0,15.7,73.7,0,0,0
2025-03-05,3,24.9,41.1,0,12.1,77.1,0,0,0
2025-03-05,4,24.9,6.6,0,15.0,68.4,0,0,0
2025-03-05,5,24.9,28.5,0,13.9,32.0,0,0,0
2025-03-05,6,27.9,0,0,10.5,65.3,0,0,0
2025-03-05,7,29.2,39.1,1.45,10.4,79.1,157.0,0.278,0
2025-03-05,8,30.5,17.6,3.46,15.6,69.1,384.1,0.676,0
2025-03-05,9,31.6,3.5,5.51,3.8,78.2,617.9,1.083,0
2025-03-05,10,32.6,0.4,6.91,14.0,62.5,776.7,1.356,0.968
2025-03-05,11,33.3,13.3,6.94,16.7,65.7,773.0,1.345,0.192
2025-03-05,12,33.7,36.8,5.74,16.4,72.2,624.0,1.084,0.51
2025-03-05,13,33.9,23.7,6.32,17.6,30,698.0,1.212,0.648
2025-03-05,14,33.7,45.3,4.51,17.0,53.0,485.1,0.843,0
2025-03-05,15,33.3,0,5.66,9.9,71.9,636.4,1.107,0.675
2025-03-05,16,32.6,3.8,3.88,13.9,82.8,435.7,0.761,0
2025-03-05,17,31.6,2.2,2.04,0.8,60.3,228.6,0.401,0.193
2025-03-05,18,30.5,50.2,0.0,8.6,65.8,0.0,0.0,0
2025-03-05,19,29.2,10.2,0,21.6,59.6,0,0,0
2025-03-05,20,27.9,0,0,18.7,60.7,0,0,0
2025-03-05,21,24.9,57.6,0,9.2,60.3,0,0,0
2025-03-05,22,24.9,24.0,0,9.9,65.5,0,0,0
2025-03-05,23,24.9,23.1,0,6.4,65.0,0,0,0
2025-03-06,0,26.8,15.4,0,10.4,60.3,0,0,0
2025-03-06,1,26.8,0,0,11.2,30,0,0,0
2025-03-06,2,26.8,43.5,0,8.9,67.6,0,0,0
2025-03-06,3,26.8,49.8,0,9.5,39.8,0,0,0
2025-03-06,4,26.8,19.4,0,9.7,71.0,0,0,0
2025-03-06,5,26.8,50.5,0,11.2,56.3,0,0,0
2025-03-06,6,29.8,31.4,0,7.1,76.6,0,0,0
2025-03-06,7,31.1,28.0,1.62,20.7,37.6,178.6,0.314,0
2025-03-06,8,32.4,33.9,2.96,13.8,56.5,322.9,0.564,0
2025-03-06,9,33.5,17.7,4.89,7.5,79.3,542.6,0.943,0.49
2025-03-06,10,34.5,7.0,6.56,17.8,62.8,734.2,1.271,0.289
2025-03-06,11,35.2,26.0,6.18,13.5,51.1,681.3,1.176,0.071
2025-03-06,12,35.6,25.4,6.44,9.1,46.4,709.3,1.222,0.553
2025-03-06,13,35.8,26.4,6.16,15.2,66.5,678.3,1.168,0.488
2025-03-06,14,35.6,58.4,3.81,11.0,41.5,400.0,0.689,0
2025-03-06,15,35.2,1.0,5.61,7.9,39.9,631.2,1.09,0.804
2025-03-06,16,34.5,41.0,2.74,19.4,51.3,296.1,0.513,0
2025-03-06,17,33.5,19.1,1.77,10.2,49.5,195.9,0.341,0
2025-03-06,18,32.4,37.5,0.0,17.4,56.3,0.0,0.0,0
2025-03-06,19,31.1,31.5,0,4.2,51.5,0,0,0
2025-03-06,20,29.8,38.8,0,9.6,77.9,0,0,0
2025-03-06,21,26.8,26.7,0,5.5,72.5,0,0,0
2025-03-06,22,26.8,0,0,12.7,54.8,0,0,0
2025-03-06,23,26.8,49.7,0,13.2,35.4,0,0,0
2025-03-07,0,26.4,34.1,0,20.5,31.1,0,0,0
2025-03-07,1,26.4,14.6,0,20.4,60.9,0,0,0
2025-03-07,2,26.4,24.3,0,12.0,53.7,0,0,0
2025-03-07,3,26.4,54.6,0,8.5,42.7,0,0,0
2025-03-07,4,26.4,18.4,0,9.0,35.2,0,0,0
2025-03-07,5,26.4,19.1,0,13.4,67.2,0,0,0
2025-03-07,6,29.4,40.3,0,14.6,52.5,0,0,0
2025-03-07,7,30.7,0,2.07,11.7,47.6,232.9,0.41,0
2025-03-07,8,32.0,30.4,3.06,13.8,54.8,336.0,0.588,0.183
2025-03-07,9,33.2,49.1,3.52,20.8,31.4,376.2,0.655,0.23
2025-03-07,10,34.1,25.0,5.6,4.3,44.3,617.2,1.07,0
2025-03-07,11,34.8,19.2,6.58,12.8,54.3,729.9,1.262,0.767
2025-03-07,12,35.3,19.3,6.81,15.0,30,755.6,1.304,1.268
2025-03-07,13,35.4,43.1,5.16,14.2,43.9,556.8,0.961,0.941
2025-03-07,14,35.3,37.9,4.91,9.7,56.8,533.4,0.921,0.37
2025-03-07,15,34.8,34.7,4.15,14.3,61.4,452.5,0.782,0.407
2025-03-07,16,34.1,5.8,3.82,9.4,48.8,428.1,0.743,0
2025-03-07,17,33.2,48.0,1.31,11.3,41.4,139.8,0.243,0
2025-03-07,18,32.0,31.6,0.0,5.8,41.7,0.0,0.0,0
2025-03-07,19,30.7,27.7,0,17.2,41.5,0,0,0
2025-03-07,20,29.4,62.3,0,7.3,77.8,0,0,0
2025-03-07,21,26.4,31.5,0,2.8,48.7,0,0,0
2025-03-07,22,26.4,0,0,12.1,62.5,0,0,0
2025-03-07,23,26.4,51.2,0,15.2,53.9,0,0,0
2025-03-08,0,25.8,29.1,0,14.1,60.7,0,0,0
2025-03-08,1,25.8,41.3,0,19.9,72.2,0,0,0
2025-03-08,2,25.8,40.9,0,14.5,62.5,0,0,0
2025-03-08,3,25.8,0,0,14.2,47.1,0,0,0
2025-03-08,4,25.8,42.2,0,4.8,87.5,0,0,0
2025-03-08,5,25.8,32.7,0,18.0,62.0,0,0,0
2025-03-08,6,28.8,21.4,0,13.3,30.3,0,0,0
2025-03-08,7,30.2,65.8,1.02,19.4,76.0,105.2,0.185,0
2025-03-08,8,31.4,46.0,2.59,8.9,75.8,277.6,0.487,0
2025-03-08,9,32.6,25.0,4.57,10.5,68.5,503.7,0.879,0
2025-03-08,10,33.5,17.0,6.02,3.0,59.9,669.0,1.163,0.711
2025-03-08,11,34.2,20.7,6.5,11.7,48.9,719.7,1.248,0
2025-03-08,12,34.7,25.5,6.43,9.7,40.8,708.4,1.226,0
2025-03-08,13,34.8,72.3,3.43,7.9,75.3,345.3,0.597,0
2025-03-08,14,34.7,40.5,4.77,11.3,53.3,516.7,0.894,0
2025-03-08,15,34.2,0.1,5.65,14.5,59.8,635.9,1.102,1.058
2025-03-08,16,33.5,10.3,3.68,15.5,49.5,411.5,0.715,0.653
2025-03-08,17,32.6,67.4,1.0,24.3,54.3,102.1,0.178,0
2025-03-08,18,31.4,11.3,0.0,17.9,41.7,0.0,0.0,0
2025-03-08,19,30.2,39.0,0,15.8,56.1,0,0,0
2025-03-08,20,28.8,24.5,0,28.3,73.4,0,0,0
2025-03-08,21,25.8,61.8,0,9.2,54.5,0,0,0
2025-03-08,22,25.8,19.2,0,6.2,55.8,0,0,0
2025-03-08,23,25.8,0,0,11.3,75.8,0,0,0
2025-03-09,0,27.4,23.5,0,15.7,34.0,0,0,0
2025-03-09,1,27.4,32.2,0,16.6,43.6,0,0,0
2025-03-09,2,27.4,38.9,0,11.8,68.3,0,0,0
2025-03-09,3,27.4,26.9,0,15.7,66.0,0,0,0
2025-03-09,4,27.4,45.2,0,9.3,71.8,0,0,0
2025-03-09,5,27.4,3.7,0,12.2,42.3,0,0,0
2025-03-09,6,30.4,31.9,0,18.1,33.6,0,0,0
2025-03-09,7,31.7,5.5,1.98,6.8,78.2,222.2,0.389,0
2025-03-09,8,33.0,34.9,2.92,11.7,56.8,319.0,0.556,0
2025-03-09,9,34.1,34.2,4.17,11.8,33.3,455.0,0.789,0
2025-03-09,10,35.1,0,6.93,11.4,74.1,779.4,1.347,0.363
2025-03-09,11,35.8,11.2,7.06,7.0,45.7,787.9,1.357,0.222
2025-03-09,12,36.2,15.6,7.04,10.8,41.0,783.3,1.347,0.699
2025-03-09,13,36.4,34.4,5.68,7.6,49.7,620.2,1.066,0.479
2025-03-09,14,36.2,7.7,6.52,14.1,61.4,729.2,1.254,1.229
2025-03-09,15,35.8,23.5,4.64,11.1,40.2,511.9,0.882,0.209
2025-03-09,16,35.1,9.0,3.72,9.4,55.2,416.4,0.719,0
2025-03-09,17,34.1,28.5,1.62,15.8,50.4,177.6,0.308,0
2025-03-09,18,33.0,21.9,0.0,13.6,77.3,0.0,0.0,0
2025-03-09,19,31.7,1.2,0,11.8,78.2,0,0,0
2025-03-09,20,30.4,5.6,0,12.9,57.8,0,0,0
2025-03-09,21,27.4,60.6,0,13.5,49.2,0,0,0
2025-03-09,22,27.4,56.6,0,11.3,46.9,0,0,0
2025-03-09,23,27.4,27.8,0,11.8,49.4,0,0,0
2025-03-10,0,23.3,5.5,0,21.0,33.1,0,0,0
2025-03-10,1,23.3,46.6,0,15.9,45.0,0,0,0
2025-03-10,2,23.3,32.2,0,11.7,47.4,0,0,0
2025-03-10,3,23.3,10.7,0,17.4,47.7,0,0,0
2025-03-10,4,23.3,44.2,0,15.3,76.8,0,0,0
2025-03-10,5,23.3,71.3,0,7.8,45.4,0,0,0
2025-03-10,6,26.3,49.1,0,6.1,66.2,0,0,0
2025-03-10,7,27.6,22.1,1.72,13.1,68.7,190.0,0.338,0.081
2025-03-10,8,28.9,43.0,2.68,9.6,74.5,288.6,0.511,0
2025-03-10,9,30.0,9.7,5.23,11.6,44.7,584.8,1.031,0
2025-03-10,10,31.0,16.7,6.04,14.2,64.7,670.7,1.178,0.52
2025-03-10,11,31.7,35.1,5.64,10.4,57.8,615.2,1.078,0.757
2025-03-10,12,32.1,34.9,5.85,9.5,68.1,638.0,1.116,0
2025-03-10,13,32.3,6.3,7.35,15.2,34.4,823.6,1.439,0.084
2025-03-10,14,32.1,45.9,4.48,1.9,70.3,481.3,0.842,0.466
2025-03-10,15,31.7,49.2,3.52,11.2,48.9,375.6,0.658,0.251
2025-03-10,16,31.0,7.2,3.78,18.9,78.4,423.1,0.743,0.204
2025-03-10,17,30.0,17.9,1.78,6.7,44.9,198.1,0.349,0.083
2025-03-10,18,28.9,22.7,0.0,8.1,74.4,0.0,0.0,0
2025-03-10,19,27.6,56.5,0,12.1,49.8,0,0,0
2025-03-10,20,26.3,28.1,0,14.2,82.1,0,0,0
2025-03-10,21,23.3,18.0,0,15.3,51.9,0,0,0
2025-03-10,22,23.3,40.7,0,14.2,30,0,0,0
2025-03-10,23,23.3,46.8,0,7.2,58.4,0,0,0
2025-03-11,0,24.9,23.8,0,18.1,63.7,0,0,0
2025-03-11,1,24.9,1.1,0,12.7,90,0,0,0
2025-03-11,2,24.9,21.7,0,13.3,66.5,0,0,0
2025-03-11,3,24.9,23.3,0,17.4,69.7,0,0,0
2025-03-11,4,24.9,37.9,0,9.3,63.1,0,0,0
2025-03-11,5,24.9,32.9,0,19.1,52.1,0,0,0
2025-03-11,6,27.9,21.8,0,15.9,90,0,0,0
2025-03-11,7,29.3,55.0,1.19,8.5,46.0,126.2,0.223,0
2025-03-11,8,30.5,0,4.0,16.5,55.1,450.0,0.792,0
2025-03-11,9,31.7,37.0,4.05,8.7,40.0,440.2,0.771,0.502
2025-03-11,10,32.6,31.8,5.23,10.3,60.1,572.8,1.0,0.229
2025-03-11,11,33.3,38.2,5.46,5.7,57.8,592.5,1.031,0
2025-03-11,12,33.8,42.7,5.37,8.5,82.3,579.9,1.007,0.979
2025-03-11,13,33.9,34.8,5.66,10.8,62.6,617.1,1.071,0.168
2025-03-11,14,33.8,27.1,5.48,9.4,46.9,603.5,1.048,0.014
2025-03-11,15,33.3,62.5,2.94,17.9,69.4,304.8,0.53,0
2025-03-11,16,32.6,15.2,3.53,13.6,47.9,392.8,0.686,0.485
2025-03-11,17,31.7,10.3,1.91,14.6,68.1,213.0,0.373,0.183
2025-03-11,18,30.5,6.0,0.0,16.2,40.6,0.0,0.0,0
2025-03-11,19,29.3,18.5,0,15.8,62.0,0,0,0
2025-03-11,20,27.9,54.6,0,3.5,56.8,0,0,0
2025-03-11,21,24.9,0.3,0,9.8,51.7,0,0,0
2025-03-11,22,24.9,58.4,0,17.9,48.3,0,0,0
2025-03-11,23,24.9,43.4,0,18.3,68.9,0,0,0
2025-03-12,0,25.8,0,0,10.8,62.7,0,0,0
2025-03-12,1,25.8,18.3,0,7.5,50.2,0,0,0
2025-03-12,2,25.8,34.6,0,3.1,61.7,0,0,0
2025-03-12,3,25.8,14.6,0,17.4,54.1,0,0,0
2025-03-12,4,25.8,0,0,10.2,40.7,0,0,0
2025-03-12,5,25.8,26.6,0,5.6,47.2,0,0,0
2025-03-12,6,28.8,37.2,0,13.3,42.8,0,0,0
2025-03-12,7,30.1,42.5,1.39,24.1,81.5,150.5,0.265,0
2025-03-12,8,31.4,33.9,2.96,6.1,48.8,322.9,0.566,0
2025-03-12,9,32.5,16.9,4.92,11.2,61.1,546.9,0.955,0.747
2025-03-12,10,33.5,20.5,5.84,8.7,36.0,646.3,1.124,0
2025-03-12,11,34.2,8.7,7.21,1.2,57.1,806.3,1.398,1.043
2025-03-12,12,34.6,25.9,6.4,12.5,46.5,705.5,1.221,0.424
2025-03-12,13,34.8,26.5,6.15,9.1,30,677.5,1.172,0.051
2025-03-12,14,34.6,17.6,5.99,7.4,65.2,665.0,1.151,0.734
2025-03-12,15,34.2,58.9,3.09,9.9,49.6,324.2,0.562,0
2025-03-12,16,33.5,9.6,3.71,3.1,57.2,414.1,0.72,0.174
2025-03-12,17,32.5,47.4,1.32,6.9,36.6,141.0,0.246,0
2025-03-12,18,31.4,32.9,0.0,0.5,48.1,0.0,0.0,0
2025-03-12,19,30.1,50.3,0,7.2,30,0,0,0
2025-03-12,20,28.8,27.6,0,7.9,75.2,0,0,0
2025-03-12,21,25.8,0,0,23.5,52.3,0,0,0
2025-03-12,22,25.8,20.1,0,17.8,64.0,0,0,0
2025-03-12,23,25.8,23.5,0,17.4,84.0,0,0,0
2025-03-13,0,26.7,4.8,0,10.0,47.7,0,0,0
2025-03-13,1,26.7,50.4,0,24.4,49.2,0,0,0
2025-03-13,2,26.7,28.6,0,10.2,64.8,0,0,0
2025-03-13,3,26.7,37.9,0,0.9,75.5,0,0,0
2025-03-13,4,26.7,38.7,0,11.1,55.6,0,0,0
2025-03-13,5,26.7,29.3,0,17.7,61.4,0,0,0
2025-03-13,6,29.7,13.2,0,6.3,44.6,0,0,0
2025-03-13,7,31.1,15.3,1.83,9.0,33.0,203.2,0.357,0
2025-03-13,8,32.3,9.0,3.72,12.9,71.3,416.2,0.727,0
2025-03-13,9,33.5,30.6,4.33,15.9,82.4,474.2,0.825,0
2025-03-13,10,34.4,47.3,4.41,4.7,45.7,472.2,0.818,0.411
2025-03-13,11,35.2,25.9,6.19,10.9,30,681.6,1.177,1.01
2025-03-13,12,35.6,43.7,5.31,12.2,43.2,572.6,0.987,0.819
2025-03-13,13,35.7,46.9,4.94,14.5,43.7,529.5,0.912,0
2025-03-13,14,35.6,16.8,6.03,15.7,72.5,670.0,1.155,0.271
2025-03-13,15,35.2,71.4,2.55,12.8,50.2,257.7,0.445,0
2025-03-13,16,34.4,18.9,3.42,2.3,61.5,379.2,0.657,0.097
2025-03-13,17,33.5,21.4,1.73,18.2,54.9,191.5,0.333,0
2025-03-13,18,32.3,24.9,0.0,13.1,66.1,0.0,0.0,0
2025-03-13,19,31.1,19.8,0,7.8,70.1,0,0,0
2025-03-13,20,29.7,63.7,0,8.6,53.8,0,0,0
2025-03-13,21,26.7,62.1,0,1.6,73.1,0,0,0
2025-03-13,22,26.7,7.3,0,16.9,57.0,0,0,0
2025-03-13,23,26.7,56.3,0,21.3,74.0,0,0,0
2025-03-14,0,24.1,7.5,0,13.2,59.7,0,0,0
2025-03-14,1,24.1,31.8,0,6.7,66.0,0,0,0
2025-03-14,2,24.1,0,0,8.1,52.6,0,0,0
2025-03-14,3,24.1,57.2,0,11.1,41.1,0,0,0
2025-03-14,4,24.1,0,0,2.9,44.5,0,0,0
2025-03-14,5,24.1,27.8,0,11.1,35.9,0,0,0
2025-03-14,6,27.1,19.0,0,16.7,47.4,0,0,0
2025-03-14,7,28.5,2.3,2.03,15.5,54.0,228.5,0.406,0.267
2025-03-14,8,29.8,25.7,3.21,11.4,47.2,353.8,0.625,0.242
2025-03-14,9,30.9,39.1,3.96,2.7,61.8,429.2,0.754,0.746
2025-03-14,10,31.8,16.6,6.04,12.2,34.7,671.5,1.176,0.629
2025-03-14,11,32.6,46.1,4.99,12.6,56.6,535.3,0.934,0
2025-03-14,12,33.0,51.5,4.83,12.5,60.7,513.4,0.895,0
2025-03-14,13,33.1,36.1,5.58,14.2,30,608.0,1.059,0.573
2025-03-14,14,33.0,46.8,4.43,9.7,70.6,475.4,0.828,0.585
2025-03-14,15,32.6,0,5.66,16.5,43.0,636.4,1.111,0.834
2025-03-14,16,31.8,56.9,2.25,17.6,67.5,236.7,0.414,0
2025-03-14,17,30.9,33.2,1.54,10.8,54.5,168.5,0.296,0
2025-03-14,18,29.8,0,0.0,16.8,69.9,0.0,0.0,0
2025-03-14,19,28.5,2.7,0,13.0,46.9,0,0,0
2025-03-14,20,27.1,0,0,14.2,70.4,0,0,0
2025-03-14,21,24.1,76.6,0,2.2,42.5,0,0,0
2025-03-14,22,24.1,18.8,0,6.4,37.0,0,0,0
2025-03-14,23,24.1,0,0,5.6,30,0,0,0
2025-03-15,0,27.8,1.9,0,3.8,59.0,0,0,0
2025-03-15,1,27.8,42.6,0,15.9,60.1,0,0,0
2025-03-15,2,27.8,24.1,0,4.9,75.2,0,0,0
2025-03-15,3,27.8,12.3,0,13.2,56.8,0,0,0
2025-03-15,4,27.8,49.1,0,13.0,48.2,0,0,0
2025-03-15,5,27.8,15.1,0,1.1,74.7,0,0,0
2025-03-15,6,30.8,6.8,0,7.7,52.9,0,0,0
2025-03-15,7,32.2,59.7,1.12,12.0,68.2,117.1,0.205,0
2025-03-15,8,33.4,19.5,3.4,12.0,48.8,376.7,0.655,0
2025-03-15,9,34.6,51.1,3.43,18.7,71.5,365.2,0.632,0.046
2025-03-15,10,35.5,4.3,6.7,11.2,30,751.3,1.296,0
2025-03-15,11,36.2,48.0,4.87,19.1,42.9,521.3,0.896,0
2025-03-15,12,36.7,28.4,6.25,13.0,65.9,687.2,1.179,0.233
2025-03-15,13,36.8,0,7.73,10.5,65.9,869.3,1.491,0.11
2025-03-15,14,36.7,21.1,5.8,11.8,47.5,642.5,1.103,1.002
2025-03-15,15,36.2,40.6,3.89,22.7,50.5,421.0,0.724,0
2025-03-15,16,35.5,45.8,2.59,12.1,73.4,278.3,0.48,0
2025-03-15,17,34.6,45.8,1.34,14.2,30,144.1,0.249,0.068
2025-03-15,18,33.4,33.8,0.0,12.2,70.5,0.0,0.0,0
2025-03-15,19,32.2,0,0,13.0,84.4,0,0,0
2025-03-15,20,30.8,24.4,0,12.3,70.4,0,0,0
2025-03-15,21,27.8,22.8,0,14.1,36.2,0,0,0
2025-03-15,22,27.8,32.0,0,0.7,61.0,0,0,0
2025-03-15,23,27.8,23.1,0,12.7,68.1,0,0,0
2025-03-16,0,25.6,24.5,0,9.6,58.1,0,0,0
2025-03-16,1,25.6,0,0,12.2,30,0,0,0
2025-03-16,2,25.6,20.7,0,4.9,67.8,0,0,0
2025-03-16,3,25.6,38.1,0,9.2,69.2,0,0,0
2025-03-16,4,25.6,0,0,6.6,65.6,0,0,0
2025-03-16,5,25.6,39.2,0,14.5,58.4,0,0,0
2025-03-16,6,28.6,29.4,0,11.2,34.4,0,0,0
2025-03-16,7,30.0,18.5,1.78,2.8,47.1,197.1,0.348,0
2025-03-16,8,31.2,15.2,3.53,8.9,62.3,392.9,0.69,0.467
2025-03-16,9,32.4,43.7,3.76,6.7,63.4,404.7,0.707,0.311
2025-03-16,10,33.3,20.0,5.86,10.3,54.7,649.8,1.131,0.678
2025-03-16,11,34.0,2.8,7.56,10.6,71.6,849.1,1.473,0.517
2025-03-16,12,34.5,10.9,7.33,4.5,41.6,818.4,1.417,0.867
2025-03-16,13,34.6,81.1,2.91,12.1,57.1,281.7,0.487,0.319
2025-03-16,14,34.5,15.0,6.13,13.3,76.6,682.3,1.182,0.985
2025-03-16,15,34.0,48.2,3.56,12.7,66.6,381.0,0.661,0.088
2025-03-16,16,33.3,25.6,3.21,12.1,56.0,354.0,0.616,0.226
2025-03-16,17,32.4,25.7,1.66,16.4,42.8,183.1,0.32,0
2025-03-16,18,31.2,34.7,0.0,21.5,58.4,0.0,0.0,0
2025-03-16,19,30.0,23.5,0,12.0,58.4,0,0,0
2025-03-16,20,28.6,67.7,0,14.6,81.7,0,0,0
2025-03-16,21,25.6,42.0,0,16.1,48.1,0,0,0
2025-03-16,22,25.6,21.2,0,6.5,39.8,0,0,0
2025-03-16,23,25.6,10.8,0,8.7,57.5,0,0,0
2025-03-17,0,25.2,53.7,0,3.9,77.8,0,0,0
2025-03-17,1,25.2,40.7,0,10.1,63.3,0,0,0
2025-03-17,2,25.2,40.9,0,3.4,30,0,0,0
2025-03-17,3,25.2,56.8,0,5.3,44.9,0,0,0
2025-03-17,4,25.2,18.2,0,13.6,57.8,0,0,0
2025-03-17,5,25.2,12.8,0,10.8,76.1,0,0,0
2025-03-17,6,28.2,0,0,10.5,55.2,0,0,0
2025-03-17,7,29.5,11.3,1.89,13.8,64.8,211.0,0.373,0.153
2025-03-17,8,30.8,41.4,2.72,14.2,71.6,294.6,0.518,0.386
2025-03-17,9,31.9,5.9,5.4,13.3,74.7,605.2,1.059,0.264
2025-03-17,10,32.8,33.8,5.13,12.4,36.4,560.1,0.977,0.856
2025-03-17,11,33.6,14.1,6.89,12.5,44.0,767.3,1.334,0.45
2025-03-17,12,34.0,7.1,7.56,11.2,69.2,846.9,1.47,0.835
2025-03-17,13,34.2,18.4,6.64,2.7,47.8,736.3,1.277,0
2025-03-17,14,34.0,28.1,5.43,5.8,50.6,597.2,1.036,0
2025-03-17,15,33.6,0,5.66,20.3,50.3,636.4,1.106,0.781
2025-03-17,16,32.8,5.4,3.83,9.8,58.1,429.6,0.749,0.417
2025-03-17,17,31.9,59.6,1.12,10.5,38.2,117.2,0.205,0
2025-03-17,18,30.8,16.4,0.0,4.3,90,0.0,0.0,0
2025-03-17,19,29.5,20.2,0,11.4,77.2,0,0,0
2025-03-17,20,28.2,45.3,0,10.0,52.9,0,0,0
2025-03-17,21,25.2,28.6,0,7.8,52.4,0,0,0
2025-03-17,22,25.2,17.4,0,12.2,62.7,0,0,0
2025-03-17,23,25.2,44.1,0,5.9,55.0,0,0,0
2025-03-18,0,25.3,27.9,0,0.3,40.5,0,0,0
2025-03-18,1,25.3,14.5,0,15.5,54.2,0,0,0
2025-03-18,2,25.3,1.7,0,14.7,55.3,0,0,0
2025-03-18,3,25.3,11.3,0,15.7,30,0,0,0
2025-03-18,4,25.3,59.3,0,0.6,37.4,0,0,0
2025-03-18,5,25.3,0,0,6.7,52.9,0,0,0
2025-03-18,6,28.3,29.7,0,5.5,50.8,0,0,0
2025-03-18,7,29.7,24.4,1.68,7.2,47.4,185.6,0.328,0
2025-03-18,8,30.9,12.2,3.62,9.3,63.8,404.2,0.71,0
2025-03-18,9,32.1,27.7,4.45,15.9,30,489.4,0.856,0.683
2025-03-18,10,33.0,29.6,5.35,14.2,80.9,587.1,1.023,0.91
2025-03-18,11,33.7,0,7.73,16.5,48.8,869.3,1.51,1.334
2025-03-18,12,34.2,0,8.0,15.6,46.0,900.0,1.56,0.339
2025-03-18,13,34.3,0,7.73,13.9,43.5,869.3,1.506,1.28
2025-03-18,14,34.2,27.1,5.48,10.4,55.1,603.2,1.046,0.8
2025-03-18,15,33.7,43.4,3.77,7.4,60.6,406.1,0.705,0
2025-03-18,16,33.0,16.3,3.5,9.7,56.4,388.8,0.677,0.282
2025-03-18,17,32.1,53.3,1.22,8.2,34.5,129.5,0.227,0
2025-03-18,18,30.9,23.5,0.0,18.4,49.2,0.0,0.0,0
2025-03-18,19,29.7,33.3,0,9.8,55.5,0,0,0
2025-03-18,20,28.3,35.8,0,7.2,46.7,0,0,0
2025-03-18,21,25.3,45.1,0,18.2,42.5,0,0,0
2025-03-18,22,25.3,21.0,0,22.5,42.3,0,0,0
2025-03-18,23,25.3,43.0,0,14.1,44.0,0,0,0
2025-03-19,0,25.6,34.0,0,10.5,30,0,0,0
2025-03-19,1,25.6,23.0,0,9.8,57.1,0,0,0
2025-03-19,2,25.6,0,0,11.0,59.8,0,0,0
2025-03-19,3,25.6,39.9,0,18.9,56.5,0,0,0
2025-03-19,4,25.6,25.1,0,6.8,64.5,0,0,0
2025-03-19,5,25.6,18.6,0,12.2,59.6,0,0,0
2025-03-19,6,28.6,42.6,0,14.3,68.8,0,0,0
2025-03-19,7,30.0,21.7,1.72,17.9,58.9,190.8,0.337,0
2025-03-19,8,31.2,46.5,2.57,15.8,42.4,275.6,0.484,0
2025-03-19,9,32.4,30.9,4.31,11.1,47.9,472.4,0.825,0.666
2025-03-19,10,33.3,39.8,4.81,13.3,30,520.9,0.906,0
2025-03-19,11,34.0,0,7.73,13.7,49.2,869.3,1.508,0.32
2025-03-19,12,34.5,26.7,6.36,6.4,75.3,699.5,1.211,1.033
2025-03-19,13,34.6,24.3,6.28,12.6,62.7,693.5,1.2,0.284
2025-03-19,14,34.5,0,6.93,5.1,57.1,779.4,1.35,0
2025-03-19,15,34.0,25.2,4.56,11.7,66.7,502.9,0.872,0
2025-03-19,16,33.3,52.2,2.4,17.7,70.4,254.4,0.443,0
2025-03-19,17,32.4,9.5,1.92,18.8,55.8,214.6,0.375,0
2025-03-19,18,31.2,28.2,0.0,6.0,63.0,0.0,0.0,0
2025-03-19,19,30.0,34.3,0,14.1,58.4,0,0,0
2025-03-19,20,28.6,32.2,0,6.0,31.0,0,0,0
2025-03-19,21,25.6,65.3,0,12.5,74.3,0,0,0
2025-03-19,22,25.6,10.5,0,15.9,30,0,0,0
2025-03-19,23,25.6,0,0,14.8,73.0,0,0,0
2025-03-20,0,22.1,30.3,0,17.9,57.3,0,0,0
2025-03-20,1,22.1,0,0,6.6,34.3,0,0,0
2025-03-20,2,22.1,30.8,0,11.8,72.9,0,0,0
2025-03-20,3,22.1,30.7,0,20.4,40.9,0,0,0
2025-03-20,4,22.1,25.1,0,17.6,30,0,0,0
2025-03-20,5,22.1,25.1,0,13.9,52.7,0,0,0
2025-03-20,6,25.1,21.7,0,10.0,42.7,0,0,0
2025-03-20,7,26.5,20.2,1.75,9.3,37.6,193.8,0.347,0
2025-03-20,8,27.7,51.4,2.42,10.0,51.4,257.3,0.458,0.132
2025-03-20,9,28.9,24.8,4.58,13.3,42.5,504.9,0.895,0
2025-03-20,10,29.8,4.9,6.67,1.5,43.7,747.5,1.32,0.617
2025-03-20,11,30.5,8.8,7.2,11.6,30,805.3,1.417,0.685
2025-03-20,12,31.0,35.5,5.82,16.7,55.2,634.1,1.114,0.817
2025-03-20,13,31.1,8.0,7.25,7.8,30,811.6,1.425,0.281
2025-03-20,14,31.0,32.0,5.22,13.1,57.0,571.8,1.005,0
2025-03-20,15,30.5,1.1,5.61,7.8,50.9,630.4,1.11,0.432
2025-03-20,16,29.8,25.0,3.23,15.5,37.5,356.3,0.629,0.563
2025-03-20,17,28.9,55.8,1.18,19.6,46.4,124.7,0.221,0
2025-03-20,18,27.7,21.7,0.0,20.9,41.3,0.0,0.0,0
2025-03-20,19,26.5,28.0,0,10.0,30,0,0,0
2025-03-20,20,25.1,33.3,0,18.2,78.6,0,0,0
2025-03-20,21,22.1,32.2,0,12.1,30,0,0,0
2025-03-20,22,22.1,7.5,0,13.7,50.0,0,0,0
2025-03-20,23,22.1,32.5,0,16.1,64.9,0,0,0
2025-03-21,0,27.1,9.0,0,6.0,76.2,0,0,0
2025-03-21,1,27.1,5.7,0,16.3,41.2,0,0,0
2025-03-21,2,27.1,16.8,0,12.1,52.4,0,0,0
2025-03-21,3,27.1,13.2,0,1.5,47.1,0,0,0
2025-03-21,4,27.1,11.4,0,18.5,50.8,0,0,0
2025-03-21,5,27.1,3.5,0,5.1,66.4,0,0,0
2025-03-21,6,30.1,37.6,0,16.8,52.0,0,0,0
2025-03-21,7,31.5,18.8,1.77,15.9,52.9,196.5,0.345,0
2025-03-21,8,32.7,22.1,3.32,14.0,30,367.1,0.64,0
2025-03-21,9,33.9,28.5,4.42,19.4,62.0,485.3,0.843,0
2025-03-21,10,34.8,0,6.93,12.8,45.6,779.4,1.348,0.305
2025-03-21,11,35.5,23.3,6.34,15.0,64.4,700.8,1.208,0
2025-03-21,12,36.0,3.2,7.8,9.5,50.7,875.7,1.507,0.931
2025-03-21,13,36.1,2.4,7.58,11.0,54.0,851.7,1.465,0.938
2025-03-21,14,36.0,89.1,2.18,16.1,73.3,200.9,0.346,0.109
2025-03-21,15,35.5,9.1,5.26,14.5,45.3,588.3,1.014,0
2025-03-21,16,34.8,9.1,3.72,6.5,54.4,415.8,0.719,0
2025-03-21,17,33.9,9.2,1.92,3.9,48.3,215.0,0.373,0
2025-03-21,18,32.7,24.4,0.0,17.1,51.1,0.0,0.0,0
2025-03-21,19,31.5,31.1,0,9.7,39.0,0,0,0
2025-03-21,20,30.1,30.5,0,10.7,40.7,0,0,0
2025-03-21,21,27.1,48.7,0,8.1,55.2,0,0,0
2025-03-21,22,27.1,16.2,0,8.0,84.9,0,0,0
2025-03-21,23,27.1,8.5,0,11.0,72.8,0,0,0
2025-03-22,0,24.9,31.1,0,0.5,54.6,0,0,0
2025-03-22,1,24.9,14.5,0,15.0,59.5,0,0,0
2025-03-22,2,24.9,22.3,0,13.2,50.5,0,0,0
2025-03-22,3,24.9,12.9,0,8.1,36.7,0,0,0
2025-03-22,4,24.9,37.4,0,19.2,31.5,0,0,0
2025-03-22,5,24.9,59.7,0,12.5,41.9,0,0,0
2025-03-22,6,27.9,1.6,0,21.5,69.7,0,0,0
2025-03-22,7,29.2,0,2.07,14.3,62.2,232.9,0.412,0.32
2025-03-22,8,30.5,51.7,2.41,4.4,45.8,256.0,0.451,0.215
2025-03-22,9,31.6,28.2,4.43,1.1,67.2,486.7,0.853,0
2025-03-22,10,32.6,0,6.93,10.7,36.5,779.4,1.36,0.123
2025-03-22,11,33.3,34.8,5.66,5.4,50.4,617.5,1.075,0.567
2025-03-22,12,33.8,14.1,7.14,7.5,81.4,794.6,1.38,0.208
2025-03-22,13,33.9,8.9,7.2,27.4,60.0,805.2,1.398,0.906
2025-03-22,14,33.8,27.6,5.46,22.8,72.1,600.2,1.043,0.505
2025-03-22,15,33.3,0,5.66,18.3,34.3,636.4,1.107,0.447
2025-03-22,16,32.6,19.2,3.41,0.2,64.3,378.0,0.66,0.244
2025-03-22,17,31.6,2.5,2.03,11.1,60.3,228.1,0.4,0
2025-03-22,18,30.5,33.7,0.0,13.6,39.8,0.0,0.0,0
2025-03-22,19,29.2,35.0,0,10.9,58.4,0,0,0
2025-03-22,20,27.9,21.0,0,14.4,64.3,0,0,0
2025-03-22,21,24.9,25.7,0,6.7,41.7,0,0,0
2025-03-22,22,24.9,35.0,0,9.6,90,0,0,0
2025-03-22,23,24.9,42.0,0,16.7,40.7,0,0,0
2025-03-23,0,28.1,16.5,0,7.7,66.4,0,0,0
2025-03-23,1,28.1,17.5,0,9.5,71.9,0,0,0
2025-03-23,2,28.1,15.0,0,7.5,51.8,0,0,0
2025-03-23,3,28.1,9.0,0,4.5,46.6,0,0,0
2025-03-23,4,28.1,17.4,0,12.9,61.4,0,0,0
2025-03-23,5,28.1,32.3,0,15.0,75.2,0,0,0
2025-03-23,6,31.1,37.2,0,10.0,55.3,0,0,0
2025-03-23,7,32.4,37.7,1.47,9.3,37.1,159.7,0.279,0
2025-03-23,8,33.7,36.1,2.89,5.0,36.5,314.6,0.547,0
2025-03-23,9,34.8,36.9,4.05,10.0,57.4,440.9,0.763,0.216
2025-03-23,10,35.7,43.2,4.62,10.4,50.9,498.6,0.859,0
2025-03-23,11,36.5,18.4,6.63,15.2,44.1,736.0,1.264,0.706
2025-03-23,12,36.9,9.8,7.4,11.7,57.0,826.5,1.417,0.386
2025-03-23,13,37.1,35.2,5.64,0.5,52.8,614.6,1.053,0
2025-03-23,14,36.9,58.8,3.79,3.5,56.8,397.2,0.681,0.487
2025-03-23,15,36.5,21.2,4.73,22.1,50.4,523.9,0.9,0
2025-03-23,16,35.7,9.4,3.71,8.3,47.5,414.9,0.715,0
2025-03-23,17,34.8,30.1,1.59,11.6,62.6,174.5,0.302,0
2025-03-23,18,33.7,0,0.0,7.4,49.6,0.0,0.0,0
2025-03-23,19,32.4,50.2,0,13.7,46.0,0,0,0
2025-03-23,20,31.1,8.3,0,10.5,70.2,0,0,0
2025-03-23,21,28.1,36.1,0,13.4,45.8,0,0,0
2025-03-23,22,28.1,12.7,0,20.5,57.4,0,0,0
2025-03-23,23,28.1,53.2,0,18.8,66.6,0,0,0
2025-03-24,0,27.3,39.7,0,16.6,49.5,0,0,0
2025-03-24,1,27.3,4.2,0,14.8,84.9,0,0,0
2025-03-24,2,27.3,36.1,0,9.7,65.1,0,0,0
2025-03-24,3,27.3,60.1,0,8.1,40.3,0,0,0
2025-03-24,4,27.3,43.8,0,12.4,58.7,0,0,0
2025-03-24,5,27.3,38.5,0,17.5,58.1,0,0,0
2025-03-24,6,30.3,25.5,0,8.1,38.0,0,0,0
2025-03-24,7,31.6,12.0,1.88,6.9,90,209.7,0.367,0
2025-03-24,8,32.9,29.2,3.1,12.9,51.6,340.7,0.594,0
2025-03-24,9,34.0,11.2,5.17,12.5,50.1,577.1,1.001,0.13
2025-03-24,10,35.0,29.4,5.36,13.5,77.9,588.5,1.017,0.756
2025-03-24,11,35.7,14.8,6.85,5.6,46.2,762.4,1.314,0.871
2025-03-24,12,36.1,0,8.0,9.9,41.2,900.0,1.548,0.207
2025-03-24,13,36.3,40.5,5.32,4.4,45.5,576.2,0.99,0
2025-03-24,14,36.1,15.8,6.08,24.0,47.9,676.5,1.163,0.656
2025-03-24,15,35.7,38.2,4.0,5.2,69.4,434.0,0.748,0.066
2025-03-24,16,35.0,0,4.0,5.0,71.4,450.0,0.778,0
2025-03-24,17,34.0,0,2.07,9.5,57.4,232.9,0.404,0
2025-03-24,18,32.9,25.7,0.0,19.9,71.5,0.0,0.0,0
2025-03-24,19,31.6,35.5,0,9.6,71.7,0,0,0
2025-03-24,20,30.3,50.0,0,6.3,65.8,0,0,0
2025-03-24,21,27.3,47.6,0,10.1,38.8,0,0,0
2025-03-24,22,27.3,19.5,0,11.1,48.2,0,0,0
2025-03-24,23,27.3,55.5,0,8.3,41.5,0,0,0
2025-03-25,0,25.1,45.8,0,15.4,76.9,0,0,0
2025-03-25,1,25.1,0,0,12.0,30,0,0,0
2025-03-25,2,25.1,33.1,0,9.5,45.8,0,0,0
2025-03-25,3,25.1,45.6,0,8.0,59.0,0,0,0
2025-03-25,4,25.1,8.8,0,15.3,57.8,0,0,0
2025-03-25,5,25.1,47.7,0,7.2,71.9,0,0,0
2025-03-25,6,28.1,76.1,0,13.0,50.5,0,0,0
2025-03-25,7,29.5,49.4,1.28,12.5,60.3,137.0,0.242,0
2025-03-25,8,30.7,47.4,2.54,20.0,50.6,272.4,0.479,0.072
2025-03-25,9,31.9,24.4,4.6,8.9,54.4,507.2,0.888,0.428
2025-03-25,10,32.8,42.9,4.64,8.9,57.1,500.7,0.873,0.704
2025-03-25,11,33.5,51.8,4.65,4.8,52.3,493.8,0.858,0.725
2025-03-25,12,34.0,8.6,7.47,10.7,54.3,835.6,1.45,0.086
2025-03-25,13,34.1,0,7.73,9.5,49.0,869.3,1.508,1.23
2025-03-25,14,34.0,14.5,6.15,3.3,69.4,684.9,1.189,0.765
2025-03-25,15,33.5,33.0,4.22,2.1,61.2,461.6,0.803,0
2025-03-25,16,32.8,23.8,3.27,3.5,51.4,360.9,0.629,0.066
2025-03-25,17,31.9,52.4,1.24,5.9,58.0,131.3,0.23,0
2025-03-25,18,30.7,43.7,0.0,20.3,61.9,0.0,0.0,0
2025-03-25,19,29.5,39.7,0,16.8,53.7,0,0,0
2025-03-25,20,28.1,73.5,0,14.9,56.2,0,0,0
2025-03-25,21,25.1,30.1,0,16.4,76.3,0,0,0
2025-03-25,22,25.1,38.4,0,15.3,69.6,0,0,0
2025-03-25,23,25.1,36.4,0,11.6,37.6,0,0,0
2025-03-26,0,26.4,14.8,0,21.2,39.2,0,0,0
2025-03-26,1,26.4,13.0,0,11.5,50.4,0,0,0
2025-03-26,2,26.4,37.7,0,8.7,46.3,0,0,0
2025-03-26,3,26.4,0,0,7.8,79.8,0,0,0
2025-03-26,4,26.4,45.2,0,9.5,46.8,0,0,0
2025-03-26,5,26.4,0,0,16.4,47.9,0,0,0
2025-03-26,6,29.4,19.5,0,12.0,52.3,0,0,0
2025-03-26,7,30.7,0,2.07,9.8,46.9,232.9,0.41,0
2025-03-26,8,32.0,45.0,2.61,12.0,49.2,281.2,0.492,0
2025-03-26,9,33.1,23.4,4.64,18.7,54.4,512.3,0.892,0.545
2025-03-26,10,34.1,38.6,4.87,15.8,46.2,528.9,0.917,0
2025-03-26,11,34.8,23.5,6.33,8.1,53.1,698.7,1.208,0
2025-03-26,12,35.2,24.1,6.52,10.3,49.6,719.1,1.241,0.463
2025-03-26,13,35.4,0,7.73,12.2,46.9,869.3,1.5,0.566
2025-03-26,14,35.2,67.5,3.33,20.3,67.2,340.8,0.588,0
2025-03-26,15,34.8,14.4,5.03,19.4,74.8,559.8,0.968,0.862
2025-03-26,16,34.1,0,4.0,14.0,45.3,450.0,0.781,0
2025-03-26,17,33.1,16.3,1.81,6.8,77.1,201.3,0.35,0
2025-03-26,18,32.0,4.1,0.0,18.3,50.0,0.0,0.0,0
2025-03-26,19,30.7,15.3,0,7.6,37.1,0,0,0
2025-03-26,20,29.4,25.2,0,11.3,83.9,0,0,0
2025-03-26,21,26.4,15.1,0,4.8,35.5,0,0,0
2025-03-26,22,26.4,23.4,0,17.4,55.7,0,0,0
2025-03-26,23,26.4,31.2,0,17.4,65.2,0,0,0
2025-03-27,0,26.5,60.1,0,13.8,64.0,0,0,0
2025-03-27,1,26.5,0,0,16.4,49.0,0,0,0
2025-03-27,2,26.5,48.9,0,10.1,51.9,0,0,0
2025-03-27,3,26.5,16.2,0,11.8,62.1,0,0,0
2025-03-27,4,26.5,25.1,0,24.6,50.7,0,0,0
2025-03-27,5,26.5,13.2,0,9.5,71.7,0,0,0
2025-03-27,6,29.5,42.5,0,4.4,34.9,0,0,0
2025-03-27,7,30.9,10.1,1.91,15.1,64.6,213.3,0.375,0
2025-03-27,8,32.1,15.1,3.54,11.0,56.0,393.5,0.688,0.666
2025-03-27,9,33.3,47.7,3.58,17.3,59.6,383.6,0.668,0.467
2025-03-27,10,34.2,33.0,5.17,10.3,54.9,564.8,0.979,0.506
2025-03-27,11,34.9,0,7.73,3.0,42.8,869.3,1.503,0.577
2025-03-27,12,35.4,0,8.0,20.9,52.7,900.0,1.553,1.088
2025-03-27,13,35.5,74.8,3.28,8.2,61.2,327.6,0.565,0
2025-03-27,14,35.4,47.6,4.39,6.9,73.9,470.3,0.811,0
2025-03-27,15,34.9,80.4,2.16,2.3,53.9,209.9,0.363,0.202
2025-03-27,16,34.2,0,4.0,6.9,58.7,450.0,0.78,0.686
2025-03-27,17,33.3,0,2.07,8.1,56.6,232.9,0.405,0
2025-03-27,18,32.1,7.4,0.0,15.3,35.6,0.0,0.0,0
2025-03-27,19,30.9,18.7,0,11.2,66.8,0,0,0
2025-03-27,20,29.5,54.6,0,18.3,61.8,0,0,0
2025-03-27,21,26.5,20.0,0,20.2,38.0,0,0,0
2025-03-27,22,26.5,42.0,0,11.8,65.4,0,0,0
2025-03-27,23,26.5,31.2,0,15.8,56.1,0,0,0
2025-03-28,0,25.4,14.5,0,15.2,64.4,0,0,0
2025-03-28,1,25.4,31.7,0,13.6,64.5,0,0,0
2025-03-28,2,25.4,0,0,15.2,30,0,0,0
2025-03-28,3,25.4,13.6,0,20.8,59.0,0,0,0
2025-03-28,4,25.4,28.0,0,14.0,87.8,0,0,0
2025-03-28,5,25.4,33.5,0,12.6,49.9,0,0,0
2025-03-28,6,28.4,16.1,0,10.3,45.4,0,0,0
2025-03-28,7,29.7,34.6,1.52,21.8,39.3,165.8,0.293,0
2025-03-28,8,31.0,2.6,3.92,21.7,66.7,440.4,0.774,0
2025-03-28,9,32.1,0,5.66,11.4,30,636.4,1.113,0.313
2025-03-28,10,33.1,26.6,5.51,11.0,72.8,606.5,1.056,0.735
2025-03-28,11,33.8,49.2,4.8,12.2,71.4,512.6,0.89,0.576
2025-03-28,12,34.2,1.8,7.89,5.4,54.0,886.4,1.536,0.667
2025-03-28,13,34.4,1.9,7.62,13.5,43.3,855.7,1.482,0.708
2025-03-28,14,34.2,0,6.93,13.6,32.9,779.4,1.351,1.172
2025-03-28,15,33.8,24.0,4.61,16.3,44.4,509.1,0.884,0.442
2025-03-28,16,33.1,43.4,2.66,20.1,54.7,287.1,0.5,0
2025-03-28,17,32.1,10.9,1.9,1.2,66.4,211.7,0.37,0
2025-03-28,18,31.0,48.7,0.0,4.7,76.7,0.0,0.0,0
2025-03-28,19,29.7,20.2,0,14.5,60.4,0,0,0
2025-03-28,20,28.4,5.6,0,4.1,60.5,0,0,0
2025-03-28,21,25.4,54.5,0,7.7,61.5,0,0,0
2025-03-28,22,25.4,42.2,0,13.4,68.0,0,0,0
2025-03-28,23,25.4,14.5,0,12.4,46.2,0,0,0
2025-03-29,0,24.3,18.0,0,7.9,83.3,0,0,0
2025-03-29,1,24.3,30.7,0,15.0,46.3,0,0,0
2025-03-29,2,24.3,21.3,0,9.3,76.4,0,0,0
2025-03-29,3,24.3,18.9,0,15.9,58.9,0,0,0
2025-03-29,4,24.3,36.1,0,11.7,49.9,0,0,0
2025-03-29,5,24.3,20.6,0,11.8,30,0,0,0
2025-03-29,6,27.3,31.4,0,15.4,73.4,0,0,0
2025-03-29,7,28.6,31.2,1.57,13.2,63.6,172.4,0.306,0
2025-03-29,8,29.9,29.0,3.11,8.0,63.7,341.1,0.602,0.391
2025-03-29,9,31.0,22.9,4.66,5.4,73.4,515.2,0.905,0.757
2025-03-29,10,32.0,31.1,5.27,5.9,59.1,577.7,1.011,0.948
2025-03-29,11,32.7,7.7,7.27,18.5,69.0,813.4,1.419,0.658
2025-03-29,12,33.1,26.2,6.39,8.7,53.1,703.9,1.226,0
2025-03-29,13,33.3,38.6,5.44,11.2,46.7,590.0,1.027,0
2025-03-29,14,33.1,46.8,4.44,13.4,53.9,475.7,0.828,0
2025-03-29,15,32.7,59.0,3.09,10.7,45.9,323.6,0.565,0.501
2025-03-29,16,32.0,5.4,3.83,6.1,83.6,429.9,0.752,0
2025-03-29,17,31.0,27.2,1.64,8.1,68.9,180.1,0.316,0
2025-03-29,18,29.9,50.9,0.0,8.7,30,0.0,0.0,0
2025-03-29,19,28.6,21.6,0,18.2,58.9,0,0,0
2025-03-29,20,27.3,14.8,0,16.3,57.3,0,0,0
2025-03-29,21,24.3,42.0,0,16.2,44.1,0,0,0
2025-03-29,22,24.3,42.0,0,16.3,54.1,0,0,0
2025-03-29,23,24.3,0,0,18.3,88.2,0,0,0
2025-03-30,0,25.0,9.9,0,16.9,67.7,0,0,0
2025-03-30,1,25.0,47.7,0,7.3,55.7,0,0,0
2025-03-30,2,25.0,0,0,23.1,90,0,0,0
2025-03-30,3,25.0,14.4,0,10.1,74.7,0,0,0
2025-03-30,4,25.0,41.9,0,10.1,45.0,0,0,0
2025-03-30,5,25.0,28.2,0,4.9,60.5,0,0,0
2025-03-30,6,28.0,20.3,0,19.0,56.7,0,0,0
2025-03-30,7,29.3,43.6,1.38,14.3,40.1,148.3,0.262,0.146
2025-03-30,8,30.6,0,4.0,3.1,53.4,450.0,0.792,0.617
2025-03-30,9,31.7,61.9,2.96,4.6,49.4,308.0,0.54,0.322
2025-03-30,10,32.7,36.4,4.99,13.0,70.3,542.7,0.947,0
2025-03-30,11,33.4,48.6,4.84,9.5,70.1,517.3,0.9,0
2025-03-30,12,33.8,18.9,6.84,17.2,55.0,758.4,1.317,1.283
2025-03-30,13,34.0,49.5,4.78,18.7,64.5,510.5,0.886,0.097
2025-03-30,14,33.8,36.1,5.0,10.8,54.4,544.8,0.946,0.78
2025-03-30,15,33.4,15.9,4.96,7.4,69.3,551.9,0.96,0.401
2025-03-30,16,32.7,37.5,2.85,13.6,55.0,309.4,0.54,0.27
2025-03-30,17,31.7,47.6,1.31,14.9,80.2,140.6,0.246,0.078
2025-03-30,18,30.6,16.5,0.0,7.4,51.5,0.0,0.0,0
2025-03-30,19,29.3,17.7,0,5.4,54.3,0,0,0
2025-03-30,20,28.0,46.4,0,7.3,68.4,0,0,0
2025-03-30,21,25.0,0,0,19.0,40.6,0,0,0
2025-03-30,22,25.0,39.1,0,15.1,32.4,0,0,0
2025-03-30,23,25.0,21.8,0,8.8,53.0,0,0,0
2025-03-31,0,25.9,33.5,0,16.2,54.8,0,0,0
2025-03-31,1,25.9,20.9,0,22.3,75.0,0,0,0
2025-03-31,2,25.9,0,0,5.7,70.2,0,0,0
2025-03-31,3,25.9,17.1,0,20.5,60.7,0,0,0
2025-03-31,4,25.9,26.9,0,9.2,70.8,0,0,0
2025-03-31,5,25.9,37.2,0,10.8,46.3,0,0,0
2025-03-31,6,28.9,40.0,0,11.3,71.2,0,0,0
2025-03-31,7,30.2,0,2.07,7.2,60.7,232.9,0.411,0
2025-03-31,8,31.5,30.6,3.06,13.4,53.3,335.3,0.588,0
2025-03-31,9,32.6,37.1,4.04,5.4,78.3,439.5,0.767,0
2025-03-31,10,33.6,59.2,3.78,5.6,51.1,395.2,0.687,0.321
2025-03-31,11,34.3,3.8,7.5,8.0,49.9,841.6,1.459,0.216
2025-03-31,12,34.7,52.4,4.77,13.9,46.7,506.7,0.877,0.063
2025-03-31,13,34.9,42.7,5.19,27.8,49.7,560.0,0.968,0.432
2025-03-31,14,34.7,73.2,3.03,8.7,35.9,304.2,0.526,0.23
2025-03-31,15,34.3,20.8,4.75,13.4,38.2,526.1,0.912,0
2025-03-31,16,33.6,49.7,2.47,8.7,48.6,263.8,0.459,0.262
2025-03-31,17,32.6,1.3,2.05,10.3,56.4,230.5,0.402,0.131
2025-03-31,18,31.5,44.4,0.0,11.4,65.6,0.0,0.0,0
2025-03-31,19,30.2,41.0,0,9.2,48.3,0,0,0
2025-03-31,20,28.9,0,0,3.4,78.7,0,0,0
2025-03-31,21,25.9,27.7,0,6.8,56.3,0,0,0
2025-03-31,22,25.9,10.5,0,16.9,30.4,0,0,0
2025-03-31,23,25.9,80.0,0,17.2,32.4,0,0,0
